timestamp,range
0.34504079818725586,0.2899999916553497
0.37304067611694336,0.2899999916553497
0.4150397777557373,0.2899999916553497
0.4430396556854248,0.2899999916553497
0.4730396270751953,0.2899999916553497
0.5160391330718994,0.2899999916553497
0.544039249420166,0.2899999916553497
0.5730392932891846,0.2899999916553497
0.6160364151000977,0.2899999916553497
0.6440362930297852,0.2899999916553497
0.6750364303588867,0.2899999916553497
0.7030355930328369,0.2899999916553497
0.7470355033874512,0.2899999916553497
0.7830355167388916,0.2899999916553497
0.8120369911193848,0.2899999916553497
0.8480367660522461,0.2899999916553497
0.8840367794036865,0.2899999916553497
0.9120361804962158,0.2899999916553497
0.9480361938476562,0.2899999916553497
0.9750361442565918,0.2899999916553497
1.0120372772216797,0.2899999916553497
1.0470373630523682,0.2899999916553497
1.0840370655059814,0.2899999916553497
1.1120402812957764,0.2899999916553497
1.1470403671264648,0.2899999916553497
1.1820404529571533,0.2899999916553497
1.2030391693115234,0.2899999916553497
1.2520391941070557,0.2899999916553497
1.2730391025543213,0.2899999916553497
1.316037654876709,0.2899999916553497
1.3430376052856445,0.2899999916553497
1.378037691116333,0.2899999916553497
1.4130375385284424,0.2899999916553497
1.442037582397461,0.2899999916553497
1.4770376682281494,0.2899999916553497
1.5150408744812012,0.2899999916553497
1.5430409908294678,0.2899999916553497
1.5720412731170654,0.2899999916553497
1.6180419921875,0.2899999916553497
1.6450419425964355,0.2899999916553497
1.674041986465454,0.2899999916553497
1.7160415649414062,0.2899999916553497
1.7520415782928467,0.2899999916553497
1.7730414867401123,0.2899999916553497
1.8150396347045898,0.2899999916553497
1.8440396785736084,0.2899999916553497
1.8730394840240479,0.2899999916553497
1.9150395393371582,0.2899999916553497
1.9430394172668457,0.2899999916553497
1.9780395030975342,0.2899999916553497
2.014035701751709,0.2899999916553497
2.0420355796813965,0.2899999916553497
2.085035562515259,0.2899999916553497
2.1130337715148926,0.2899999916553497
2.142033815383911,0.2899999916553497
2.1770339012145996,0.2899999916553497
2.214031219482422,0.2899999916553497
2.2430312633514404,0.2899999916553497
2.2860312461853027,0.2899999916553497
2.3120310306549072,0.2899999916553497
2.3430306911468506,0.2899999916553497
2.378031015396118,0.2899999916553497
2.414027690887451,0.2899999916553497
2.4430274963378906,0.2899999916553497
2.47802734375,0.2899999916553497
2.5130257606506348,0.2899999916553497
2.5420258045196533,0.2899999916553497
2.5830259323120117,0.2899999916553497
2.613023281097412,0.2899999916553497
2.6470229625701904,0.2899999916553497
2.682023286819458,0.2899999916553497
2.7030251026153564,0.2899999916553497
2.745025157928467,0.2899999916553497
2.7730252742767334,0.2899999916553497
2.8150222301483154,0.2899999916553497
2.845022201538086,0.2899999916553497
2.8720223903656006,0.2899999916553497
2.9170212745666504,0.2899999916553497
2.943021297454834,0.2899999916553497
2.9720211029052734,0.2899999916553497
3.0130183696746826,0.2899999916553497
3.042018413543701,0.2899999916553497
3.0850183963775635,0.2899999916553497
3.114018678665161,0.2899999916553497
3.1420187950134277,0.2899999916553497
3.184018611907959,0.2899999916553497
3.213020086288452,0.2899999916553497
3.2420198917388916,0.2899999916553497
3.27701997756958,0.2899999916553497
3.313016891479492,0.2899999916553497
3.3540165424346924,0.2899999916553497
3.383016586303711,0.2899999916553497
3.412014961242676,0.2899999916553497
3.446014881134033,0.2899999916553497
3.4740147590637207,0.2899999916553497
3.5160107612609863,0.2899999916553497
3.545010805130005,0.2899999916553497
3.5720107555389404,0.2899999916553497
3.6140105724334717,0.2899999916553497
3.642010450363159,0.2899999916553497
3.6840102672576904,0.2899999916553497
3.713008165359497,0.2899999916553497
3.7470083236694336,0.2899999916553497
3.782008171081543,0.2899999916553497
3.803007125854492,0.2899999916553497
3.8450071811676025,0.2899999916553497
3.875007152557373,0.2899999916553497
3.916006088256836,0.2899999916553497
3.9440062046051025,0.2899999916553497
3.974006175994873,0.2899999916553497
4.016006231307983,0.2899999916553497
4.044006109237671,0.2899999916553497
4.0720062255859375,0.2899999916553497
4.1150062084198,0.2899999916553497
4.143006086349487,0.2899999916553497
4.184006214141846,0.2899999916553497
4.213006019592285,0.2899999916553497
4.242005825042725,0.2899999916553497
4.276005983352661,0.2899999916553497
4.312005281448364,0.2899999916553497
4.347005367279053,0.2899999916553497
4.383005380630493,0.2899999916553497
4.412003755569458,0.2899999916553497
4.4460039138793945,0.2899999916553497
4.474003791809082,0.2899999916553497
4.517001390457153,0.2899999916553497
4.545001268386841,0.2899999916553497
4.573001384735107,0.2899999916553497
4.6180009841918945,0.2899999916553497
4.644001007080078,0.2899999916553497
4.673001289367676,0.2899999916553497
4.70299768447876,0.2899999916553497
4.745997428894043,0.2899999916553497
4.77399754524231,0.2899999916553497
4.815998077392578,0.2899999916553497
4.843997955322266,0.2899999916553497
4.873997926712036,0.2899999916553497
4.915997266769409,0.2899999916553497
4.943997144699097,0.2899999916553497
4.973997116088867,0.2899999916553497
5.014996290206909,0.2899999916553497
5.042996406555176,0.2899999916553497
5.071996450424194,0.2899999916553497
5.115995645523071,0.2899999916553497
5.143995761871338,0.2899999916553497
5.172995567321777,0.2899999916553497
5.212992429733276,0.2899999916553497
5.247992277145386,0.2899999916553497
5.284992218017578,0.2899999916553497
5.312991142272949,0.2899999916553497
5.341990947723389,0.2899999916553497
5.376991033554077,0.2899999916553497
5.413989067077637,0.2899999916553497
5.442989349365234,0.2899999916553497
5.484989166259766,0.2899999916553497
5.511987686157227,0.2899999916553497
5.542987823486328,0.2899999916553497
5.5779876708984375,0.2899999916553497
5.613983869552612,0.2899999916553497
5.642983913421631,0.2899999916553497
5.684983968734741,0.2899999916553497
5.711983680725098,0.2899999916553497
5.748983383178711,0.2899999916553497
5.782983303070068,0.2899999916553497
5.81198263168335,0.2899999916553497
5.842982292175293,0.2899999916553497
5.8779826164245605,0.2899999916553497
5.913982152938843,0.2899999916553497
5.943982124328613,0.2899999916553497
5.971982002258301,0.2899999916553497
6.001981258392334,0.2899999916553497
6.043981075286865,0.2899999916553497
6.081981420516968,0.2899999916553497
6.116983652114868,0.2899999916553497
6.145983695983887,0.2899999916553497
6.172983646392822,0.2899999916553497
6.215980768203735,0.2899999916553497
6.244980812072754,0.2899999916553497
6.277980804443359,0.2899999916553497
6.312980890274048,0.2899999916553497
6.347980499267578,0.2899999916553497
6.382980585098267,0.2899999916553497
6.403979539871216,0.2899999916553497
6.445979595184326,0.2899999916553497
6.473979473114014,0.2899999916553497
6.51697850227356,0.2899999916553497
6.545978546142578,0.2899999916553497
6.573978424072266,0.2899999916553497
6.615979433059692,0.2899999916553497
6.643979549407959,0.2899999916553497
6.6719794273376465,0.2899999916553497
6.742979526519775,0.2899999916553497
6.76397967338562,0.2899999916553497
6.824979543685913,0.2899999916553497
6.855979681015015,0.2899999916553497
6.9229795932769775,0.2899999916553497
6.952979564666748,0.2899999916553497
7.00197958946228,0.2899999916553497
7.023979902267456,0.2899999916553497
7.0519797801971436,0.2899999916553497
7.088979482650757,0.2899999916553497
7.122977018356323,0.2899999916553497
7.152976989746094,0.2899999916553497
7.187977075576782,0.2899999916553497
7.223978757858276,0.2899999916553497
7.251978874206543,0.2899999916553497
7.287978887557983,0.2899999916553497
7.323976755142212,0.2899999916553497
7.351976633071899,0.2899999916553497
7.386976718902588,0.2899999916553497
7.42197847366333,0.2899999916553497
7.4569785594940186,0.2899999916553497
7.487978458404541,0.2899999916553497
7.52297568321228,0.2899999916553497
7.55197548866272,0.2899999916553497
7.586975812911987,0.2899999916553497
7.623974084854126,0.2899999916553497
7.653973817825317,0.2899999916553497
7.682974100112915,0.2899999916553497
7.724971294403076,0.2899999916553497
7.753971099853516,0.2899999916553497
7.783971071243286,0.2899999916553497
7.824970245361328,0.2899999916553497
7.852970361709595,0.2899999916553497
7.887970209121704,0.2899999916553497
7.923968315124512,0.2899999916553497
7.95296835899353,0.2899999916553497
7.99396824836731,0.2899999916553497
8.0229651927948,0.2899999916553497
8.057965278625488,0.2899999916553497
8.086965084075928,0.2899999916553497
8.12296748161316,0.2899999916553497
8.157967805862427,0.2899999916553497
8.193967819213867,0.2899999916553497
8.22296667098999,0.2899999916553497
8.257966995239258,0.2899999916553497
8.285966873168945,0.2899999916553497
8.322964191436768,0.2899999916553497
8.357964277267456,0.2899999916553497
8.393964290618896,0.2899999916553497
8.422964096069336,0.3199999928474426
8.457963943481445,0.3600000143051147
8.486963987350464,0.3899999856948852
8.522966146469116,0.449999988079071
8.557966232299805,0.5099999904632568
8.586966276168823,0.5299999713897705
8.622967958450317,0.5699999928474426
8.651968002319336,0.5899999737739563
8.681967973709106,0.6299999952316284
8.723964214324951,0.6600000262260437
8.753964185714722,0.6600000262260437
8.787964105606079,0.6299999952316284
8.822964191436768,0.6200000047683716
8.843964099884033,0.6299999952316284
8.892964124679565,0.6600000262260437
8.914968252182007,0.6899999976158142
8.956968307495117,0.7599999904632568
8.985968351364136,0.8299999833106995
9.012965679168701,0.8899999856948853
9.055965662002563,0.9399999976158142
9.08396577835083,0.9700000286102296
9.124962091445923,1.0099999904632568
9.154961824417114,1.0299999713897705
9.183961868286133,1.0399999618530271
9.225961685180664,1.0700000524520874
9.253961563110352,1.090000033378601
9.28896164894104,1.100000023841858
9.32395887374878,1.1100000143051147
9.35295844078064,1.1200000047683716
9.387958288192749,1.1299999952316284
9.422958135604858,1.1399999856948853
9.443958044052124,1.1399999856948853
9.486958026885986,1.149999976158142
9.514955282211304,1.159999966621399
9.557955026626587,1.159999966621399
9.592954874038696,1.1699999570846558
9.613955020904541,1.1699999570846558
9.655955076217651,1.1699999570846558
9.68495488166809,1.1799999475479126
9.726950883865356,1.1799999475479126
9.754950761795044,1.1799999475479126
9.783950805664062,1.190000057220459
9.825950384140015,1.190000057220459
9.853950262069702,1.190000057220459
9.889950275421143,1.190000057220459
9.923951387405396,1.2000000476837158
9.952951431274414,1.2000000476837158
9.987951278686523,1.2000000476837158
10.023950338363647,1.2000000476837158
10.058950424194336,1.2000000476837158
10.085950374603271,1.2200000286102295
10.11494779586792,1.2200000286102295
10.1559476852417,1.2300000190734863
10.183947801589966,1.2400000095367432
10.226945638656616,1.2599999904632568
10.25394582748413,1.2699999809265137
10.28294563293457,1.2799999713897705
10.323945760726929,1.2899999618530271
10.344945669174194,1.2999999523162842
10.386945486068726,1.309999942779541
10.414944171905518,1.3200000524520874
10.456944227218628,1.3300000429153442
10.484944105148315,1.3300000429153442
10.512945175170898,1.3300000429153442
10.554945230484009,1.350000023841858
10.582945346832275,1.3600000143051147
10.624943971633911,1.3600000143051147
10.652944087982178,1.3700000047683716
10.694943904876709,1.3799999952316284
10.722941637039185,1.3799999952316284
10.757941484451294,1.3899999856948853
10.792941570281982,1.399999976158142
10.814939498901367,1.399999976158142
10.855939626693726,1.399999976158142
10.883939504623413,1.409999966621399
10.925936698913574,1.409999966621399
10.954936742782593,1.4199999570846558
10.98893690109253,1.4199999570846558
11.023934364318848,1.4199999570846558
11.058934450149536,1.4299999475479126
11.086934566497803,1.4299999475479126
11.12393307685852,1.440000057220459
11.156933069229126,1.440000057220459
11.184933185577393,1.4500000476837158
11.226930856704712,1.4500000476837158
11.254930973052979,1.4500000476837158
11.282930850982666,1.4500000476837158
11.324928045272827,1.4500000476837158
11.352928161621094,1.4500000476837158
11.387928009033203,1.4600000381469729
11.424927473068237,1.4800000190734863
11.453927516937256,1.4800000190734863
11.483927488327026,1.4900000095367432
11.523926734924316,1.4900000095367432
11.544926881790161,1.4900000095367432
11.587926864624023,1.4900000095367432
11.614926099777222,1.4900000095367432
11.656925916671753,1.5
11.68492603302002,1.5
11.712924242019653,1.5
11.755924224853516,1.5099999904632568
11.784924268722534,1.5099999904632568
11.827922105789185,1.5099999904632568
11.8549222946167,1.5099999904632568
11.883922100067139,1.5099999904632568
11.919924259185791,1.5099999904632568
11.953924179077148,1.5099999904632568
11.988924264907837,1.5199999809265137
12.023920059204102,1.5199999809265137
12.053920030593872,1.5199999809265137
12.087920188903809,1.5199999809265137
12.124918699264526,1.5199999809265137
12.152918577194214,1.5299999713897705
12.188918590545654,1.5299999713897705
12.22391676902771,1.5299999713897705
12.25391674041748,1.5299999713897705
12.287916898727417,1.5299999713897705
12.324916362762451,1.5299999713897705
12.35991621017456,1.5299999713897705
12.388916254043579,1.5299999713897705
12.423912286758423,1.5299999713897705
12.45291256904602,1.5299999713897705
12.48791241645813,1.5299999713897705
12.524911880493164,1.5299999713897705
12.559911966323853,1.5299999713897705
12.588912010192871,1.5299999713897705
12.62390923500061,1.5299999713897705
12.652909278869629,1.5299999713897705
12.687909126281738,1.5299999713897705
12.724908828735352,1.5299999713897705
12.754908800125122,1.5399999618530271
12.78390884399414,1.5399999618530271
12.825906991958618,1.5399999618530271
12.854907274246216,1.5399999618530271
12.884907007217407,1.5399999618530271
12.918907403945923,1.5399999618530271
12.954907417297363,1.5399999618530271
12.983907699584961,1.5399999618530271
13.025903940200806,1.5399999618530271
13.054903984069824,1.5399999618530271
13.084903955459595,1.5399999618530271
13.118902683258057,1.5399999618530271
13.154902935028076,1.5399999618530271
13.183902978897095,1.5399999618530271
13.225898742675781,1.5399999618530271
13.25489854812622,1.5399999618530271
13.28489875793457,1.5399999618530271
13.318897008895874,1.5399999618530271
13.354897022247314,1.5399999618530271
13.383897066116333,1.5399999618530271
13.425893068313599,1.5399999618530271
13.452893018722534,1.5399999618530271
13.487893104553223,1.5399999618530271
13.52489447593689,1.5399999618530271
13.553894281387329,1.5399999618530271
13.587894439697266,1.5399999618530271
13.623893737792969,1.5399999618530271
13.652893781661987,1.5399999618530271
13.687893867492676,1.5399999618530271
13.723892450332642,1.5399999618530271
13.744892597198486,1.5399999618530271
13.788892269134521,1.5399999618530271
13.82388949394226,1.5399999618530271
13.85888934135437,1.5399999618530271
13.887889385223389,1.5399999618530271
13.924889087677002,1.5399999618530271
13.954889297485352,1.5399999618530271
13.987889289855957,1.5399999618530271
14.023885250091553,1.5399999618530271
14.044885396957397,1.5399999618530271
14.086885213851929,1.5399999618530271
14.123884201049805,1.5399999618530271
14.158884286880493,1.5399999618530271
14.18688440322876,1.5399999618530271
14.222885370254517,1.5399999618530271
14.258885383605957,1.5399999618530271
14.286885261535645,1.5399999618530271
14.322885274887085,1.5399999618530271
14.34388518333435,1.5399999618530271
14.386885166168213,1.5399999618530271
14.423884391784668,1.5399999618530271
14.458884239196777,1.5399999618530271
14.486884355545044,1.5399999618530271
14.523883819580078,1.5399999618530271
14.558883905410767,1.5399999618530271
14.586883783340454,1.5399999618530271
14.614882230758667,1.5399999618530271
14.658882141113281,1.5399999618530271
14.685882329940796,1.5399999618530271
14.714883804321289,1.5399999618530271
14.755883693695068,1.5399999618530271
14.783883810043335,1.5399999618530271
14.82688307762146,1.5299999713897705
14.853883028030396,1.5299999713897705
14.890882968902588,1.5299999713897705
14.923882246017456,1.5299999713897705
14.945882320404053,1.5299999713897705
14.994882345199585,1.5299999713897705
15.01488208770752,1.5299999713897705
15.057881832122803,1.5299999713897705
15.084881782531738,1.5299999713897705
15.11488127708435,1.5299999713897705
15.154881000518799,1.5299999713897705
15.185880899429321,1.5299999713897705
15.21287989616394,1.5399999618530271
15.25487995147705,1.5299999713897705
15.28387999534607,1.5299999713897705
15.325877904891968,1.5299999713897705
15.354877948760986,1.5299999713897705
15.388877868652344,1.5299999713897705
15.423877239227295,1.5299999713897705
15.44487714767456,1.5299999713897705
15.494877099990845,1.5299999713897705
15.522877216339111,1.5299999713897705
15.543877124786377,1.5299999713897705
15.594877243041992,1.5299999713897705
15.61487627029419,1.5299999713897705
15.658876895904541,1.5299999713897705
15.685876607894897,1.5299999713897705
15.714878559112549,1.5299999713897705
15.755878686904907,1.5299999713897705
15.784878730773926,1.5399999618530271
15.812878608703613,1.5399999618530271
15.85887861251831,1.5399999618530271
15.885878562927246,1.5399999618530271
15.91487717628479,1.5399999618530271
15.95587706565857,1.5399999618530271
15.985877275466919,1.5399999618530271
16.027876377105713,1.5399999618530271
16.0558762550354,1.5399999618530271
16.08487629890442,1.5399999618530271
16.116875886917114,1.5399999618530271
16.157875776290894,1.5399999618530271
16.18587589263916,1.5399999618530271
16.22887349128723,1.5399999618530271
16.256874084472656,1.5399999618530271
16.284873485565186,1.5399999618530271
16.313875198364258,1.5399999618530271
16.35687518119812,1.5399999618530271
16.382875204086304,1.5399999618530271
16.427872896194458,1.5399999618530271
16.455872774124146,1.5399999618530271
16.483872890472412,1.5399999618530271
16.516871690750122,1.5399999618530271
16.55787181854248,1.5399999618530271
16.585871696472168,1.5399999618530271
16.628871202468872,1.5399999618530271
16.65687108039856,1.5399999618530271
16.684871196746826,1.5399999618530271
16.713871479034424,1.5399999618530271
16.755871772766113,1.5399999618530271
16.78287148475647,1.5399999618530271
16.827869176864624,1.5399999618530271
16.85486912727356,1.5399999618530271
16.883869171142578,1.5399999618530271
16.918867111206055,1.5299999713897705
16.955867290496826,1.5299999713897705
16.983867168426514,1.5299999713897705
17.02586555480957,1.5299999713897705
17.05486559867859,1.5299999713897705
17.08486557006836,1.5299999713897705
17.117863416671753,1.5299999713897705
17.153863430023193,1.5299999713897705
17.188863277435303,1.5299999713897705
17.223860502243042,1.5299999713897705
17.259860277175903,1.5199999809265137
17.28786039352417,1.5199999809265137
17.323858499526978,1.5199999809265137
17.357858419418335,1.5199999809265137
17.3858585357666,1.5199999809265137
17.414856672286987,1.5199999809265137
17.456856966018677,1.5199999809265137
17.484856843948364,1.5199999809265137
17.51385498046875,1.5199999809265137
17.55585479736328,1.5199999809265137
17.58385467529297,1.5199999809265137
17.612853288650513,1.5199999809265137
17.654853105545044,1.5199999809265137
17.684853076934814,1.5199999809265137
17.71385169029236,1.5199999809265137
17.75585150718689,1.5199999809265137
17.783851623535156,1.5199999809265137
17.827849626541138,1.5199999809265137
17.854849815368652,1.5199999809265137
17.884849786758423,1.5199999809265137
17.913848161697388,1.5199999809265137
17.955848217010498,1.5199999809265137
17.983848094940186,1.5199999809265137
18.0258469581604,1.5199999809265137
18.05484700202942,1.5199999809265137
18.083847284317017,1.5199999809265137
18.12484645843506,1.5199999809265137
18.153846502304077,1.5199999809265137
18.188846349716187,1.5199999809265137
18.21784234046936,1.5199999809265137
18.2538423538208,1.5199999809265137
18.287842273712158,1.5199999809265137
18.325839519500732,1.5199999809265137
18.344839572906494,1.5199999809265137
18.382839679718018,1.5199999809265137
18.424835205078125,1.5199999809265137
18.453835248947144,1.5199999809265137
18.4878351688385,1.5199999809265137
18.522833108901978,1.5199999809265137
18.544833183288574,1.5199999809265137
18.592833280563354,1.5199999809265137
18.61383581161499,1.5199999809265137
18.65683603286743,1.5199999809265137
18.68483591079712,1.5299999713897705
18.712836265563965,1.5199999809265137
18.754836082458496,1.5199999809265137
18.782836198806763,1.5199999809265137
18.824832677841187,1.5199999809265137
18.852832794189453,1.5199999809265137
18.88783288002014,1.5199999809265137
18.922829151153564,1.5199999809265137
18.958829164505005,1.5299999713897705
18.992829084396362,1.5299999713897705
19.014830350875854,1.5299999713897705
19.057830333709717,1.5299999713897705
19.093830347061157,1.5299999713897705
19.126829624176025,1.5299999713897705
19.154829502105713,1.5299999713897705
19.18382954597473,1.5299999713897705
19.21382474899292,1.5299999713897705
19.25482487678528,1.5199999809265137
19.288824558258057,1.5199999809265137
19.325815677642822,1.5199999809265137
19.345815658569336,1.5199999809265137
19.387815475463867,1.5199999809265137
19.422819137573242,1.5199999809265137
19.44481897354126,1.5199999809265137
19.48681902885437,1.5199999809265137
19.514816284179688,1.5199999809265137
19.55781626701355,1.5199999809265137
19.584816217422485,1.5199999809265137
19.613811254501343,1.5199999809265137
19.655811071395874,1.5199999809265137
19.68481135368347,1.5199999809265137
19.727808237075806,1.5199999809265137
19.755808353424072,1.5199999809265137
19.78380823135376,1.5199999809265137
19.813810110092163,1.5199999809265137
19.856810092926025,1.5199999809265137
19.884809970855713,1.5199999809265137
19.913806438446045,1.5199999809265137
19.955806493759155,1.5199999809265137
19.984806537628174,1.5199999809265137
20.013805866241455,1.5199999809265137
20.056806087493896,1.5199999809265137
20.084805965423584,1.5199999809265137
20.11380362510681,1.5199999809265137
20.155803680419922,1.5199999809265137
20.18480348587036,1.5299999713897705
20.21380114555359,1.5299999713897705
20.254801273345947,1.5199999809265137
20.28580117225647,1.5199999809265137
20.31980037689209,1.5
20.3548002243042,1.4900000095367432
20.389800310134888,1.4800000190734863
20.424794673919678,1.4500000476837158
20.452795028686523,1.4500000476837158
20.487794876098633,1.440000057220459
20.52379012107849,1.4199999570846558
20.55879020690918,1.409999966621399
20.58779001235962,1.399999976158142
20.62479043006897,1.3899999856948853
20.65379023551941,1.3799999952316284
20.68379044532776,1.3700000047683716
20.724790811538696,1.3600000143051147
20.754790782928467,1.350000023841858
20.788790941238403,1.3300000429153442
20.82478952407837,1.3300000429153442
20.853789567947388,1.3200000524520874
20.883789539337158,1.309999942779541
20.924790143966675,1.309999942779541
20.952790021896362,1.2999999523162842
20.995790004730225,1.2999999523162842
21.024789571762085,1.2899999618530271
21.053789615631104,1.2899999618530271
21.082789659500122,1.2899999618530271
21.12479019165039,1.2799999713897705
21.15479016304016,1.2799999713897705
21.18879008293152,1.2799999713897705
21.223788261413574,1.2699999809265137
21.258788347244263,1.2699999809265137
21.28778839111328,1.2599999904632568
21.323789358139038,1.25
21.344789266586304,1.25
21.39578938484192,1.2400000095367432
21.424789428710938,1.2300000190734863
21.453789234161377,1.2200000286102295
21.483789682388306,1.2200000286102295
21.525789260864258,1.2200000286102295
21.554789066314697,1.2200000286102295
21.584789276123047,1.2200000286102295
21.613790035247803,1.2200000286102295
21.655790090560913,1.2200000286102295
21.68479013442993,1.2200000286102295
21.715791702270508,1.2200000286102295
21.755791664123535,1.2200000286102295
21.783791542053223,1.2000000476837158
21.82679009437561,1.059999942779541
21.853789806365967,1.0299999713897705
21.883789777755737,1.0099999904632568
21.923790454864502,0.9800000190734864
21.944790363311768,0.9800000190734864
21.98779034614563,1.0499999523162842
22.02378821372986,1.1100000143051147
22.0597882270813,1.1299999952316284
22.086788415908813,1.149999976158142
22.123789072036743,1.159999966621399
22.144789218902588,1.159999966621399
22.1867892742157,1.1699999570846558
22.214797496795654,1.1699999570846558
22.256797552108765,1.1699999570846558
22.284797430038452,1.1699999570846558
22.31979727745056,1.1699999570846558
22.35479712486267,1.159999966621399
22.38479709625244,1.159999966621399
22.4197940826416,1.159999966621399
22.45479416847229,1.159999966621399
22.48379421234131,1.159999966621399
22.52479100227356,1.159999966621399
22.546791076660156,1.159999966621399
22.59579110145569,1.159999966621399
22.61878800392151,1.159999966621399
22.659788131713867,1.159999966621399
22.687788009643555,1.159999966621399
22.72378706932068,1.159999966621399
22.744786977767944,1.159999966621399
22.786787033081055,1.159999966621399
22.814782857894897,1.159999966621399
22.85678267478943,1.159999966621399
22.885782957077026,1.159999966621399
22.914782285690308,1.159999966621399
22.943782329559326,1.149999976158142
22.985782384872437,1.149999976158142
23.01478099822998,1.149999976158142
23.057780981063843,1.149999976158142
23.08578085899353,1.149999976158142
23.11478042602539,1.149999976158142
23.157780408859253,1.149999976158142
23.188780307769775,1.1399999856948853
23.223777294158936,1.1399999856948853
23.258777141571045,1.1399999856948853
23.287776947021484,1.1299999952316284
23.324764728546143,1.1200000047683716
23.35876488685608,1.1200000047683716
23.3897647857666,1.1200000047683716
23.42376208305359,1.1299999952316284
23.458762168884277,1.1299999952316284
23.486762285232544,1.1299999952316284
23.5147602558136,1.1399999856948853
23.55776023864746,1.149999976158142
23.58576011657715,1.149999976158142
23.613758325576782,1.149999976158142
23.655758380889893,1.159999966621399
23.68475842475891,1.159999966621399
23.72675657272339,1.159999966621399
23.754756450653076,1.159999966621399
23.789756536483765,1.159999966621399
23.8247549533844,1.159999966621399
23.853754997253418,1.159999966621399
23.888755083084106,1.159999966621399
23.924753427505493,1.1399999856948853
23.95875358581543,1.1299999952316284
23.99375343322754,1.1200000047683716
24.014750957489014,1.1200000047683716
24.056751012802124,1.1200000047683716
24.093750953674316,1.1299999952316284
24.114749431610107,1.1299999952316284
24.15774941444397,1.1299999952316284
24.185749292373657,1.1299999952316284
24.228752613067627,1.1299999952316284
24.256752729415894,1.1299999952316284
24.28475260734558,1.1299999952316284
24.316749811172485,1.1299999952316284
24.356750011444092,1.1299999952316284
24.38474988937378,1.1299999952316284
24.413749933242798,1.1299999952316284
24.455749988555908,1.1299999952316284
24.49375009536743,1.1399999856948853
24.513746976852417,1.1399999856948853
24.55674719810486,1.1399999856948853
24.584747076034546,1.149999976158142
24.613744497299194,1.149999976158142
24.654744625091553,1.149999976158142
24.684744596481323,1.149999976158142
24.725741147994995,1.149999976158142
24.75374126434326,1.149999976158142
24.78874111175537,1.149999976158142
24.823739290237427,1.149999976158142
24.858739137649536,1.149999976158142
24.893739223480225,1.149999976158142
24.914738178253174,1.149999976158142
24.956738233566284,1.149999976158142
24.98473811149597,1.149999976158142
25.01973605155945,1.149999976158142
25.054736137390137,1.149999976158142
25.089735984802246,1.149999976158142
25.12473487854004,1.1399999856948853
25.145734548568726,1.1399999856948853
25.187734603881836,1.149999976158142
25.223735570907593,1.149999976158142
25.25873565673828,1.149999976158142
25.28673553466797,1.149999976158142
25.31473469734192,1.149999976158142
25.35673475265503,1.149999976158142
25.384734869003296,1.149999976158142
25.41973638534546,1.149999976158142
25.45473623275757,1.149999976158142
25.49073624610901,1.149999976158142
25.524736166000366,1.149999976158142
25.545736074447632,1.149999976158142
25.587736129760742,1.149999976158142
25.61573553085327,1.149999976158142
25.657735586166382,1.149999976158142
25.68573570251465,1.149999976158142
25.714739084243774,1.149999976158142
25.75573968887329,1.1399999856948853
25.785739421844482,1.1399999856948853
25.813737154006958,1.1399999856948853
25.85573720932007,1.1399999856948853
25.884737014770508,1.1399999856948853
25.91473627090454,1.1399999856948853
25.954736709594727,1.1399999856948853
25.98573660850525,1.1399999856948853
26.01373529434204,1.1399999856948853
26.058735132217407,1.1399999856948853
26.085735082626343,1.1299999952316284
26.123734951019287,1.1299999952316284
26.145735025405884,1.1299999952316284
26.195734977722168,1.1299999952316284
26.22373604774475,1.1299999952316284
26.25873613357544,1.1299999952316284
26.286736011505127,1.1299999952316284
26.314730882644653,1.1299999952316284
26.357730627059937,1.1299999952316284
26.386730670928955,1.1299999952316284
26.413728713989258,1.1299999952316284
26.455728769302368,1.1299999952316284
26.483728885650635,1.1299999952316284
26.51872992515564,1.1299999952316284
26.55472993850708,1.1299999952316284
26.586730003356934,1.1299999952316284
26.61373019218445,1.1299999952316284
26.658730268478394,1.1299999952316284
26.68573021888733,1.1299999952316284
26.714730978012085,1.1299999952316284
26.755730867385864,1.1299999952316284
26.785731077194214,1.1299999952316284
26.81372880935669,1.1299999952316284
26.858728885650635,1.1299999952316284
26.88572883605957,1.1299999952316284
26.914729595184326,1.1399999856948853
26.955729484558105,1.1399999856948853
26.985729694366455,1.1399999856948853
27.013729095458984,1.1399999856948853
27.057729482650757,1.1399999856948853
27.085729360580444,1.1399999856948853
27.114728689193726,1.1399999856948853
27.155728578567505,1.1399999856948853
27.18372869491577,1.1399999856948853
27.22672748565674,1.1399999856948853
27.253727674484253,1.1399999856948853
27.290727376937866,1.1399999856948853
27.323726415634155,1.1299999952316284
27.345726251602173,1.1299999952316284
27.38672637939453,1.1299999952316284
27.41472601890564,1.1299999952316284
27.458726167678833,1.1299999952316284
27.48572611808777,1.1299999952316284
27.51372718811035,1.1299999952316284
27.555727005004883,1.1299999952316284
27.58372712135315,1.1299999952316284
27.627724409103394,1.1299999952316284
27.65572428703308,1.1299999952316284
27.683724403381348,1.1299999952316284
27.718724489212036,1.1299999952316284
27.755724668502808,1.1299999952316284
27.783724546432495,1.1299999952316284
27.825721740722656,1.1299999952316284
27.854721784591675,1.1399999856948853
27.883721828460693,1.1399999856948853
27.917720556259155,1.1399999856948853
27.945720434188843,1.1399999856948853
27.987720489501953,1.1399999856948853
28.023717880249023,1.1399999856948853
28.060717821121216,1.1399999856948853
28.09371781349182,1.1399999856948853
28.116719484329224,1.1399999856948853
28.157719612121582,1.1399999856948853
28.18571949005127,1.1399999856948853
28.21471643447876,1.1399999856948853
28.25671625137329,1.1399999856948853
28.284716367721558,1.1399999856948853
28.31971526145935,1.1399999856948853
28.35571527481079,1.1399999856948853
28.383715391159058,1.149999976158142
28.425713300704956,1.149999976158142
28.454713344573975,1.149999976158142
28.483713388442993,1.149999976158142
28.51771306991577,1.149999976158142
28.553713083267212,1.149999976158142
28.588712692260742,1.149999976158142
28.62371325492859,1.149999976158142
28.65971326828003,1.149999976158142
28.687713384628296,1.149999976158142
28.72371196746826,1.149999976158142
28.7577121257782,1.159999966621399
28.785712003707886,1.159999966621399
28.814708709716797,1.159999966621399
28.856708765029907,1.159999966621399
28.884708881378174,1.159999966621399
28.913708448410034,1.159999966621399
28.955708265304565,1.159999966621399
28.983708381652832,1.159999966621399
29.025705575942993,1.1699999570846558
29.05470561981201,1.1699999570846558
29.08370566368103,1.1799999475479126
29.11770534515381,1.1799999475479126
29.15370535850525,1.1799999475479126
29.188705682754517,1.1799999475479126
29.219703912734985,1.1799999475479126
29.253703832626343,1.1799999475479126
29.28870391845703,1.1799999475479126
29.31770348548889,1.1799999475479126
29.35370373725891,1.1799999475479126
29.3887038230896,1.1799999475479126
29.423702001571655,1.1799999475479126
29.459702014923096,1.1799999475479126
29.487702131271362,1.1799999475479126
29.523703575134277,1.1799999475479126
29.557703495025635,1.1799999475479126
29.5857036113739,1.1799999475479126
29.61470127105713,1.1799999475479126
29.65670108795166,1.1799999475479126
29.684701204299927,1.1799999475479126
29.71369981765747,1.1799999475479126
29.755699634552002,1.1799999475479126
29.78369975090027,1.1799999475479126
29.825698137283325,1.1799999475479126
29.854698181152344,1.1799999475479126
29.883698225021362,1.1799999475479126
29.924699068069458,1.1799999475479126
29.954699277877808,1.1799999475479126
29.983698844909668,1.1799999475479126
30.02569580078125,1.1699999570846558
30.053695917129517,1.1699999570846558
30.088696002960205,1.159999966621399
30.123696088790894,1.159999966621399
30.14469599723816,1.159999966621399
30.189696073532104,1.1699999570846558
30.224698305130005,1.1799999475479126
30.253698110580444,1.2000000476837158
30.28769826889038,1.2200000286102295
30.32569718360901,1.2400000095367432
30.34469723701477,1.25
30.38669729232788,1.2599999904632568
30.414692401885986,1.2699999809265137
30.45769238471985,1.2799999713897705
30.485692262649536,1.2899999618530271
30.514689683914185,1.2999999523162842
30.556689500808716,1.309999942779541
30.584689378738403,1.3200000524520874
30.61268925666809,1.3200000524520874
30.654689073562622,1.3300000429153442
30.685689210891724,1.3300000429153442
30.719687700271606,1.3300000429153442
30.753687620162964,1.3300000429153442
30.788687467575073,1.350000023841858
30.817683696746826,1.350000023841858
30.853683471679688,1.350000023841858
30.887683629989624,1.3600000143051147
30.925681829452515,1.3600000143051147
30.944681882858276,1.3600000143051147
30.990681886672974,1.3700000047683716
31.023685216903687,1.3700000047683716
31.058685302734375,1.3700000047683716
31.086685180664062,1.3799999952316284
31.114683389663696,1.3799999952316284
31.15768337249756,1.3799999952316284
31.184683084487915,1.350000023841858
31.213678121566772,1.3200000524520874
31.25467824935913,1.2999999523162842
31.28367829322815,1.2999999523162842
31.3256778717041,1.2899999618530271
31.352678060531616,1.2899999618530271
31.382678031921387,1.2899999618530271
31.417673587799072,1.2899999618530271
31.454673528671265,1.2999999523162842
31.48267364501953,1.2999999523162842
31.525673627853394,1.2999999523162842
31.55267357826233,1.309999942779541
31.586673498153687,1.309999942779541
31.614675760269165,1.3300000429153442
31.657675743103027,1.3799999952316284
31.685675621032715,1.3899999856948853
31.713675498962402,1.409999966621399
31.756675481796265,1.4199999570846558
31.784675359725952,1.4299999475479126
31.813676357269287,1.440000057220459
31.85667634010315,1.4500000476837158
31.884676456451416,1.4500000476837158
31.91367793083191,1.4500000476837158
31.95567798614502,1.4500000476837158
31.983678102493286,1.4500000476837158
32.0186812877655,1.4500000476837158
32.05368113517761,1.4500000476837158
32.08868098258972,1.4500000476837158
32.12367916107178,1.4500000476837158
32.158679246902466,1.4500000476837158
32.18967914581299,1.4500000476837158
32.22368121147156,1.4500000476837158
32.25368118286133,1.4500000476837158
32.28868126869202,1.4500000476837158
32.325681924819946,1.4500000476837158
32.34568190574646,1.4500000476837158
32.38768148422241,1.4500000476837158
32.415682792663574,1.4500000476837158
32.457682847976685,1.4500000476837158
32.48568272590637,1.4500000476837158
32.51368308067322,1.4500000476837158
32.55568337440491,1.4199999570846558
32.583683252334595,1.399999976158142
32.62568259239197,1.3899999856948853
32.65568256378174,1.3799999952316284
32.682682275772095,1.3799999952316284
32.72468161582947,1.3700000047683716
32.753681659698486,1.3600000143051147
32.782681465148926,1.3600000143051147
32.823681116104126,1.3700000047683716
32.852680683135986,1.3700000047683716
32.887681007385254,1.3700000047683716
32.9226815700531,1.3600000143051147
32.95968151092529,1.3700000047683716
32.98568153381348,1.3700000047683716
33.01568031311035,1.3600000143051147
33.05568027496338,1.3799999952316284
33.083680391311646,1.399999976158142
33.127678632736206,1.4199999570846558
33.15367889404297,1.4299999475479126
33.18367862701416,1.409999966621399
33.223679542541504,1.3899999856948853
33.254679679870605,1.3799999952316284
33.28267955780029,1.3799999952316284
33.324678897857666,1.3799999952316284
33.353678941726685,1.3700000047683716
33.383678674697876,1.3700000047683716
33.42467975616455,1.3700000047683716
33.45267987251282,1.3700000047683716
33.48767948150635,1.3700000047683716
33.52267837524414,1.3700000047683716
33.55867838859558,1.3700000047683716
33.585678577423096,1.3700000047683716
33.6146776676178,1.3700000047683716
33.65667748451233,1.3600000143051147
33.684677600860596,1.3799999952316284
33.713677644729614,1.399999976158142
33.755677700042725,1.4199999570846558
33.78367781639099,1.4299999475479126
33.82567763328552,1.440000057220459
33.85467767715454,1.4500000476837158
33.88967776298523,1.4500000476837158
33.924678564071655,1.4500000476837158
33.953678369522095,1.4500000476837158
33.983678579330444,1.4500000476837158
34.02667593955994,1.4500000476837158
34.055675983428955,1.4600000381469729
34.084676027297974,1.4600000381469729
34.11467456817627,1.4600000381469729
34.15567469596863,1.4600000381469729
34.18467473983765,1.4600000381469729
34.21467423439026,1.4600000381469729
34.25567412376404,1.4600000381469729
34.283674240112305,1.4600000381469729
34.31867337226868,1.4600000381469729
34.35467338562012,1.4600000381469729
34.383673429489136,1.4600000381469729
34.42467260360718,1.4600000381469729
34.45467257499695,1.4600000381469729
34.488672494888306,1.4600000381469729
34.523672103881836,1.4600000381469729
34.559672117233276,1.4600000381469729
34.587671995162964,1.4600000381469729
34.62367129325867,1.4600000381469729
34.64467120170593,1.4600000381469729
34.687671422958374,1.4600000381469729
34.71566915512085,1.4600000381469729
34.759669065475464,1.4500000476837158
34.7936692237854,1.4500000476837158
34.815670013427734,1.4500000476837158
34.843670129776,1.4500000476837158
34.887670040130615,1.4500000476837158
34.914668798446655,1.4500000476837158
34.956668853759766,1.4500000476837158
34.98466873168945,1.4500000476837158
35.01466727256775,1.4500000476837158
35.05566716194153,1.4500000476837158
35.083667278289795,1.4500000476837158
35.118669509887695,1.4500000476837158
35.154669523239136,1.4500000476837158
35.189669609069824,1.4500000476837158
35.21766781806946,1.4500000476837158
35.2536678314209,1.4500000476837158
35.28866767883301,1.4600000381469729
35.32466697692871,1.4600000381469729
35.35466694831848,1.4600000381469729
35.38966703414917,1.4600000381469729
35.41766333580017,1.4600000381469729
35.45366334915161,1.4600000381469729
35.48766326904297,1.4600000381469729
35.517661809921265,1.4600000381469729
35.54366183280945,1.4600000381469729
35.58566188812256,1.4600000381469729
35.61565828323364,1.4600000381469729
35.65665817260742,1.4600000381469729
35.69365835189819,1.4600000381469729
35.71365737915039,1.4600000381469729
35.75665760040283,1.4600000381469729
35.78365755081177,1.4600000381469729
35.81865644454956,1.4600000381469729
35.854656457901,1.4500000476837158
35.88965654373169,1.409999966621399
35.92465615272522,1.3799999952316284
35.95365619659424,1.3600000143051147
35.98865628242493,1.3600000143051147
36.02365303039551,1.3600000143051147
36.04465317726135,1.3600000143051147
36.093653202056885,1.3700000047683716
36.114651679992676,1.3700000047683716
36.15665125846863,1.3799999952316284
36.184651374816895,1.3899999856948853
36.21964907646179,1.409999966621399
36.25464940071106,1.4199999570846558
36.28964924812317,1.4199999570846558
36.32464671134949,1.440000057220459
36.359646797180176,1.4500000476837158
36.388646841049194,1.4500000476837158
36.4156436920166,1.4600000381469729
36.45764374732971,1.4600000381469729
36.49364376068115,1.4600000381469729
36.51464223861694,1.4600000381469729
36.54364204406738,1.4600000381469729
36.586642026901245,1.4600000381469729
36.61463809013367,1.4600000381469729
36.655637979507446,1.4800000190734863
36.684638023376465,1.4800000190734863
36.71463632583618,1.4800000190734863
36.75663614273071,1.4800000190734863
36.78463625907898,1.4800000190734863
36.81363248825073,1.4800000190734863
36.855632305145264,1.4800000190734863
36.89363241195679,1.4800000190734863
36.91563129425049,1.4800000190734863
36.95863127708435,1.4800000190734863
36.98663139343262,1.4800000190734863
37.01462769508362,1.4800000190734863
37.05562782287598,1.4600000381469729
37.084627866744995,1.4600000381469729
37.113627433776855,1.440000057220459
37.1566276550293,1.409999966621399
37.18362760543823,1.399999976158142
37.213624477386475,1.3899999856948853
37.255624294281006,1.3600000143051147
37.2846245765686,1.350000023841858
37.31862139701843,1.3300000429153442
37.35362148284912,1.350000023841858
37.38262128829956,1.3600000143051147
37.41761803627014,1.3700000047683716
37.45361804962158,1.3700000047683716
37.48861813545227,1.3799999952316284
37.524617195129395,1.3799999952316284
37.55261707305908,1.3799999952316284
37.58961725234985,1.3799999952316284
37.622615337371826,1.3799999952316284
37.657615184783936,1.3899999856948853
37.686615228652954,1.3899999856948853
37.71461462974548,1.3899999856948853
37.756614685058594,1.3899999856948853
37.78661489486694,1.3899999856948853
37.81261110305786,1.3799999952316284
37.85461115837097,1.3799999952316284
37.88261127471924,1.3799999952316284
37.924612283706665,1.3799999952316284
37.953612327575684,1.3799999952316284
37.98761248588562,1.3799999952316284
38.02361226081848,1.3700000047683716
38.05261206626892,1.3700000047683716
38.08261227607727,1.3600000143051147
38.12361216545105,1.3600000143051147
38.14561223983765,1.3600000143051147
38.186612129211426,1.350000023841858
38.223613262176514,1.350000023841858
38.253613233566284,1.350000023841858
38.2826132774353,1.3300000429153442
38.323612689971924,1.3300000429153442
38.35361289978027,1.3300000429153442
38.38761329650879,1.3200000524520874
38.41861271858215,1.3200000524520874
38.45261287689209,1.309999942779541
38.48261260986328,1.309999942779541
38.524611949920654,1.2999999523162842
38.55361199378967,1.2999999523162842
38.58261203765869,1.2999999523162842
38.61861038208008,1.2999999523162842
38.65361046791077,1.2899999618530271
38.682610273361206,1.2899999618530271
38.723609924316406,1.2999999523162842
38.75460982322693,1.2999999523162842
38.787609815597534,1.2999999523162842
38.82360792160034,1.2999999523162842
38.8526074886322,1.2999999523162842
38.88260793685913,1.2999999523162842
38.924609422683716,1.2999999523162842
38.953609466552734,1.2999999523162842
38.982609272003174,1.2999999523162842
39.0186083316803,1.309999942779541
39.053608417510986,1.3200000524520874
39.082608222961426,1.309999942779541
39.123607873916626,1.309999942779541
39.15460777282715,1.309999942779541
39.187607765197754,1.309999942779541
39.223605155944824,1.309999942779541
39.25260519981384,1.309999942779541
39.28260517120361,1.309999942779541
39.32360005378723,1.309999942779541
39.353600025177,1.309999942779541
39.38760018348694,1.309999942779541
39.42360067367554,1.309999942779541
39.452600955963135,1.309999942779541
39.487600803375244,1.309999942779541
39.523600578308105,1.309999942779541
39.553600549697876,1.309999942779541
39.58760070800781,1.309999942779541
39.623600244522095,1.309999942779541
39.652600049972534,1.309999942779541
39.682600259780884,1.309999942779541
39.7245991230011,1.309999942779541
39.75359916687012,1.309999942779541
39.782599210739136,1.309999942779541
39.82559871673584,1.309999942779541
39.852598667144775,1.309999942779541
39.882598876953125,1.309999942779541
39.92459797859192,1.309999942779541
39.95359802246094,1.3200000524520874
39.982598066329956,1.3300000429153442
40.01859974861145,1.3300000429153442
40.05259966850281,1.3300000429153442
40.08259963989258,1.3600000143051147
40.12459921836853,1.3700000047683716
40.1545991897583,1.3799999952316284
40.18359923362732,1.3899999856948853
40.21860194206238,1.399999976158142
40.253602027893066,1.399999976158142
40.282601833343506,1.399999976158142
40.323601961135864,1.409999966621399
40.35260200500488,1.409999966621399
40.38860201835632,1.409999966621399
40.42359948158264,1.409999966621399
40.45259928703308,1.409999966621399
40.48759937286377,1.4199999570846558
40.52359867095947,1.4199999570846558
40.55359888076782,1.4199999570846558
40.58259868621826,1.4199999570846558
40.62459635734558,1.4199999570846558
40.65259623527527,1.4199999570846558
40.68759632110596,1.4199999570846558
40.7235963344574,1.4199999570846558
40.757596254348755,1.4199999570846558
40.78559637069702,1.4199999570846558
40.82859516143799,1.409999966621399
40.8555953502655,1.3899999856948853
40.88359522819519,1.3899999856948853
40.916595697402954,1.399999976158142
40.9565954208374,1.409999966621399
40.98359560966492,1.409999966621399
41.02859330177307,1.409999966621399
41.054593086242676,1.409999966621399
41.083592891693115,1.4199999570846558
41.12459087371826,1.4299999475479126
41.1535906791687,1.4299999475479126
41.1825909614563,1.4299999475479126
41.224589109420776,1.4299999475479126
41.253589153289795,1.409999966621399
41.28858923912048,1.409999966621399
41.32358980178833,1.409999966621399
41.35359001159668,1.409999966621399
41.38859009742737,1.409999966621399
41.42359638214111,1.409999966621399
41.44459629058838,1.409999966621399
41.48659634590149,1.4199999570846558
41.51559662818909,1.4199999570846558
41.55659627914429,1.4199999570846558
41.58459663391113,1.409999966621399
41.627593994140625,1.399999976158142
41.65459394454956,1.3899999856948853
41.68359398841858,1.3899999856948853
41.71759510040283,1.3799999952316284
41.755594968795776,1.3799999952316284
41.78259468078613,1.3799999952316284
41.823594093322754,1.3700000047683716
41.85259389877319,1.3700000047683716
41.88759398460388,1.3700000047683716
41.923593521118164,1.3700000047683716
41.95859360694885,1.3700000047683716
41.98759341239929,1.3700000047683716
42.02259302139282,1.3600000143051147
42.05759286880493,1.3600000143051147
42.0855929851532,1.3300000429153442
42.11359262466431,1.3300000429153442
42.15659260749817,1.3300000429153442
42.18759274482727,1.3300000429153442
42.21459460258484,1.3300000429153442
42.25659441947937,1.3300000429153442
42.28459453582764,1.3300000429153442
42.31359314918518,1.3300000429153442
42.35659313201904,1.3200000524520874
42.38459324836731,1.3200000524520874
42.4275918006897,1.309999942779541
42.455591678619385,1.309999942779541
42.484591484069824,1.2999999523162842
42.52659034729004,1.2899999618530271
42.55559039115906,1.2899999618530271
42.58259034156799,1.2899999618530271
42.62758755683899,1.2999999523162842
42.654587507247925,1.2999999523162842
42.684587478637695,1.2999999523162842
42.71858835220337,1.309999942779541
42.75358843803406,1.309999942779541
42.782588481903076,1.309999942779541
42.827587366104126,1.2999999523162842
42.85458707809448,1.2999999523162842
42.89358735084534,1.2999999523162842
42.91558909416199,1.2999999523162842
42.955589294433594,1.2999999523162842
42.98358941078186,1.309999942779541
43.027589082717896,1.3300000429153442
43.05458903312683,1.3200000524520874
43.08358907699585,1.3200000524520874
43.11858940124512,1.3200000524520874
43.153589487075806,1.3300000429153442
43.182589292526245,1.350000023841858
43.225587368011475,1.3700000047683716
43.25258708000183,1.3799999952316284
43.2895872592926,1.3899999856948853
43.32258367538452,1.399999976158142
43.34558367729187,1.399999976158142
43.3875834941864,1.409999966621399
43.425583600997925,1.4199999570846558
43.45258355140686,1.4299999475479126
43.48258352279663,1.4199999570846558
43.52458167076111,1.409999966621399
43.55358147621155,1.399999976158142
43.582581758499146,1.3899999856948853
43.62558150291443,1.3899999856948853
43.65258169174194,1.3899999856948853
43.69058156013489,1.3899999856948853
43.72458481788635,1.3799999952316284
43.75258469581604,1.3799999952316284
43.78658485412598,1.3799999952316284
43.82558226585388,1.3799999952316284
43.8525824546814,1.3799999952316284
43.88958239555359,1.3799999952316284
43.92458367347717,1.3700000047683716
43.95258355140686,1.3700000047683716
43.98658347129822,1.3600000143051147
44.02558207511902,1.3600000143051147
44.052582025527954,1.3700000047683716
44.08958196640015,1.3799999952316284
44.12458395957947,1.3899999856948853
44.152584075927734,1.399999976158142
44.187583923339844,1.399999976158142
44.22558379173279,1.3899999856948853
44.252583742141724,1.3899999856948853
44.282583475112915,1.3799999952316284
44.32357859611511,1.3799999952316284
44.35257887840271,1.3799999952316284
44.38757872581482,1.3799999952316284
44.42257833480835,1.409999966621399
44.443578481674194,1.4199999570846558
44.48657846450806,1.4299999475479126
44.51458168029785,1.440000057220459
44.557581424713135,1.4500000476837158
44.58458137512207,1.4500000476837158
44.61258125305176,1.4500000476837158
44.65458106994629,1.4500000476837158
44.68458127975464,1.4500000476837158
44.71357822418213,1.4500000476837158
44.75457811355591,1.4500000476837158
44.782578229904175,1.4500000476837158
44.82557797431946,1.4500000476837158
44.852577924728394,1.4500000476837158
44.889577865600586,1.4500000476837158
44.923580169677734,1.4500000476837158
44.953580141067505,1.440000057220459
44.98658013343811,1.440000057220459
45.02357769012451,1.440000057220459
45.05857729911804,1.440000057220459
45.08657741546631,1.440000057220459
45.11457300186157,1.440000057220459
45.157572984695435,1.4299999475479126
45.19257307052612,1.4299999475479126
45.213571548461914,1.4299999475479126
45.25757169723511,1.4299999475479126
45.29257154464722,1.4199999570846558
45.31457710266113,1.4199999570846558
45.357577085494995,1.4199999570846558
45.38557720184326,1.4199999570846558
45.41257643699646,1.409999966621399
45.45457625389099,1.399999976158142
45.48457622528076,1.399999976158142
45.51357126235962,1.3899999856948853
45.5545711517334,1.3899999856948853
45.58457112312317,1.3799999952316284
45.612571001052856,1.3799999952316284
45.654571294784546,1.3700000047683716
45.683570861816406,1.3700000047683716
45.71257209777832,1.3700000047683716
45.75457191467285,1.3700000047683716
45.78457188606262,1.3600000143051147
45.81257200241089,1.3600000143051147
45.854572057724,1.3600000143051147
45.88457202911377,1.3600000143051147
45.91457533836365,1.3600000143051147
45.954575300216675,1.3600000143051147
45.984575271606445,1.350000023841858
46.01257348060608,1.3300000429153442
46.05457377433777,1.3200000524520874
46.08357381820679,1.309999942779541
46.12757229804993,1.2999999523162842
46.15457224845886,1.2899999618530271
46.18357229232788,1.2899999618530271
46.22557330131531,1.2899999618530271
46.254573345184326,1.2799999713897705
46.288573265075684,1.2799999713897705
46.323572397232056,1.2799999713897705
46.359572410583496,1.2799999713897705
46.387572288513184,1.2899999618530271
46.423571825027466,1.2999999523162842
46.45657181739807,1.2999999523162842
46.48457169532776,1.2999999523162842
46.527570486068726,1.2999999523162842
46.55557036399841,1.2999999523162842
46.58257055282593,1.2999999523162842
46.624568700790405,1.2999999523162842
46.65256857872009,1.2999999523162842
46.68756890296936,1.2999999523162842
46.72256946563721,1.309999942779541
46.75956964492798,1.309999942779541
46.78556966781616,1.309999942779541
46.814568281173706,1.309999942779541
46.855568408966064,1.309999942779541
46.88356828689575,1.309999942779541
46.92756628990173,1.309999942779541
46.95556688308716,1.309999942779541
46.98356628417969,1.309999942779541
47.018563747406006,1.3200000524520874
47.054563760757446,1.3200000524520874
47.088563680648804,1.3200000524520874
47.12356448173523,1.3200000524520874
47.15956449508667,1.3200000524520874
47.186564445495605,1.3200000524520874
47.22256374359131,1.3200000524520874
47.256563901901245,1.3200000524520874
47.28456377983093,1.3200000524520874
47.31356167793274,1.3200000524520874
47.35556149482727,1.3200000524520874
47.38356137275696,1.3200000524520874
47.41255736351013,1.3200000524520874
47.455557346343994,1.3200000524520874
47.48255729675293,1.3200000524520874
47.52455759048462,1.3200000524520874
47.55355763435364,1.3200000524520874
47.582557678222656,1.3200000524520874
47.62355709075928,1.309999942779541
47.652557134628296,1.309999942779541
47.687557220458984,1.309999942779541
47.72255539894104,1.309999942779541
47.75855541229248,1.309999942779541
47.79355525970459,1.3200000524520874
47.82255482673645,1.3200000524520874
47.85655474662781,1.309999942779541
47.884554862976074,1.3200000524520874
47.913554430007935,1.3200000524520874
47.955554246902466,1.3200000524520874
47.98355436325073,1.3200000524520874
48.0125515460968,1.3200000524520874
48.05455160140991,1.3200000524520874
48.0825514793396,1.3200000524520874
48.12454867362976,1.3200000524520874
48.15354895591736,1.3200000524520874
48.18354868888855,1.3200000524520874
48.22554659843445,1.3200000524520874
48.254546880722046,1.3200000524520874
48.28254675865173,1.3200000524520874
48.32454538345337,1.3200000524520874
48.35354542732239,1.3200000524520874
48.39254570007324,1.3200000524520874
48.41554355621338,1.3200000524520874
48.455543518066406,1.3200000524520874
48.48354363441467,1.3200000524520874
48.5125412940979,1.3200000524520874
48.55454134941101,1.3200000524520874
48.58354115486145,1.3200000524520874
48.61253762245178,1.3200000524520874
48.655537605285645,1.3200000524520874
48.68453764915466,1.3200000524520874
48.727535009384155,1.3200000524520874
48.75453519821167,1.3200000524520874
48.78353500366211,1.3200000524520874
48.812535524368286,1.3200000524520874
48.8545355796814,1.3200000524520874
48.88453555107117,1.3200000524520874
48.926533937454224,1.3200000524520874
48.95453381538391,1.3200000524520874
48.98353409767151,1.3200000524520874
49.01253128051758,1.3200000524520874
49.057531118392944,1.3200000524520874
49.08353114128113,1.3200000524520874
49.12552738189697,1.3200000524520874
49.15352749824524,1.3200000524520874
49.18852734565735,1.3200000524520874
49.22452688217163,1.3200000524520874
49.25252676010132,1.3200000524520874
49.28852677345276,1.3200000524520874
49.32252311706543,1.3200000524520874
49.35752320289612,1.3200000524520874
49.38652300834656,1.3200000524520874
49.41452360153198,1.3200000524520874
49.45652365684509,1.3200000524520874
49.48452353477478,1.3300000429153442
49.513521909713745,1.3300000429153442
49.5555214881897,1.3200000524520874
49.584521770477295,1.3200000524520874
49.61252045631409,1.3200000524520874
49.65452027320862,1.3200000524520874
49.682520627975464,1.3200000524520874
49.71351671218872,1.3200000524520874
49.75351667404175,1.309999942779541
49.78851675987244,1.309999942779541
49.82451558113098,1.3200000524520874
49.85251569747925,1.3200000524520874
49.88851547241211,1.3200000524520874
49.92251467704773,1.3200000524520874
49.95751428604126,1.3200000524520874
49.98651456832886,1.3200000524520874
50.01451539993286,1.3200000524520874
50.057515382766724,1.3200000524520874
50.08451509475708,1.3200000524520874
50.11351227760315,1.3200000524520874
50.15551233291626,1.3300000429153442
50.18451237678528,1.3600000143051147
50.21851181983948,1.3700000047683716
50.253511905670166,1.3799999952316284
50.288511753082275,1.3799999952316284
50.316511392593384,1.3799999952316284
50.353511095047,1.3700000047683716
50.388511419296265,1.350000023841858
50.42450976371765,1.3300000429153442
50.45250988006592,1.309999942779541
50.48850989341736,1.2899999618530271
50.51650667190552,1.2699999809265137
50.55350685119629,1.25
50.586506843566895,1.2400000095367432
50.61450719833374,1.2200000286102295
50.65650725364685,1.190000057220459
50.68450713157654,1.1799999475479126
50.712504148483276,1.159999966621399
50.75450420379639,1.149999976158142
50.782504081726074,1.1399999856948853
50.824503660202026,1.1299999952316284
50.852503538131714,1.1200000047683716
50.889503479003906,1.1100000143051147
50.92250108718872,1.100000023841858
50.95350098609924,1.090000033378601
50.98850107192993,1.0700000524520874
51.023499488830566,1.059999942779541
51.052499771118164,1.0499999523162842
51.088499784469604,1.0399999618530271
51.12349557876587,1.0399999618530271
51.15249562263489,1.0299999713897705
51.187495470047,1.0299999713897705
51.22449564933777,1.1100000143051147
51.24349570274353,1.1299999952316284
51.28649568557739,1.149999976158142
51.31549382209778,1.159999966621399
51.35749387741089,1.1699999570846558
51.385493993759155,1.1699999570846558
51.41449308395386,1.1699999570846558
51.45649313926697,1.159999966621399
51.484493017196655,1.159999966621399
51.51448893547058,1.159999966621399
51.55648899078369,1.1399999856948853
51.58548927307129,1.090000033378601
51.61448812484741,1.0099999904632568
51.65648794174194,0.9100000262260436
51.68448805809021,0.9300000071525574
51.71348428726196,0.9300000071525574
51.75448417663574,0.9399999976158142
51.78348422050476,0.9399999976158142
51.818483114242554,0.9399999976158142
51.854483127593994,0.9399999976158142
51.88348317146301,0.9399999976158142
51.912479639053345,0.9399999976158142
51.954479694366455,0.949999988079071
51.989479541778564,0.949999988079071
52.026480197906494,0.949999988079071
52.04548001289368,0.949999988079071
52.08748006820679,0.9399999976158142
52.11547899246216,0.9300000071525574
52.15747928619385,0.8799999952316284
52.185479164123535,0.8399999737739563
52.213478565216064,0.8500000238418579
52.255478620529175,0.8799999952316284
52.28347849845886,0.8899999856948853
52.31847786903381,0.8899999856948853
52.354477882385254,0.8999999761581421
52.38347768783569,0.8999999761581421
52.4264760017395,0.8899999856948853
52.45447587966919,0.8999999761581421
52.482475996017456,0.8999999761581421
52.52447557449341,0.8999999761581421
52.55347537994385,0.8999999761581421
52.587475538253784,0.8999999761581421
52.622474670410156,0.8999999761581421
52.6584746837616,0.8999999761581421
52.68547463417053,0.8899999856948853
52.71447420120239,0.8899999856948853
52.75547409057617,0.9700000286102296
52.78347420692444,0.9800000190734864
52.82647347450256,1.0199999809265137
52.85347366333008,1.0399999618530271
52.88347363471985,1.0399999618530271
52.91847085952759,1.0399999618530271
52.953470945358276,1.0499999523162842
52.988470792770386,1.059999942779541
53.02347183227539,1.0700000524520874
53.05847191810608,1.090000033378601
53.08647179603577,1.0399999618530271
53.12347340583801,0.949999988079071
53.14647340774536,0.9399999976158142
53.18647336959839,0.9300000071525574
53.223472595214844,0.9100000262260436
53.25847268104553,0.9100000262260436
53.28647255897522,0.9100000262260436
53.32347226142883,0.9100000262260436
53.34347224235535,0.9100000262260436
53.38747215270996,0.9100000262260436
53.41547179222107,0.9100000262260436
53.45847177505493,0.9100000262260436
53.484471797943115,0.9100000262260436
53.51347327232361,0.9100000262260436
53.55547308921814,0.9100000262260436
53.583473205566406,0.9100000262260436
53.61847257614136,0.9100000262260436
53.653472900390625,0.8999999761581421
53.689472675323486,0.8999999761581421
53.72447347640991,0.8799999952316284
53.75347352027893,0.8700000047683716
53.78747367858887,0.8500000238418579
53.82347226142883,0.8500000238418579
53.859472036361694,0.8500000238418579
53.88647222518921,0.8100000023841858
53.92247128486633,0.8500000238418579
53.95747137069702,0.8500000238418579
53.98747134208679,0.8700000047683716
54.01447057723999,0.8799999952316284
54.05747056007385,0.8799999952316284
54.08447027206421,0.8799999952316284
54.12646436691284,0.8799999952316284
54.15446448326111,0.8799999952316284
54.18546438217163,0.8799999952316284
54.21246290206909,0.8799999952316284
54.25446271896362,0.8899999856948853
54.28246259689331,0.8799999952316284
54.32445740699768,0.8799999952316284
54.35345721244812,0.8799999952316284
54.38745737075806,0.8799999952316284
54.42345595359802,0.8799999952316284
54.45845603942871,0.8799999952316284
54.48745608329773,0.8799999952316284
54.52345061302185,0.8799999952316284
54.55845069885254,0.8999999761581421
54.58745074272156,0.9399999976158142
54.6154465675354,0.959999978542328
54.65844655036926,0.9700000286102296
54.68644642829895,0.9700000286102296
54.71544575691223,0.9100000262260436
54.758445739746094,0.9300000071525574
54.78644609451294,0.9700000286102296
54.81444311141968,0.9800000190734864
54.85844326019287,1.0
54.88544321060181,1.0099999904632568
54.91444277763367,1.0199999809265137
54.94644260406494,1.0199999809265137
54.98644280433655,1.0199999809265137
55.015440940856934,1.0199999809265137
55.05944085121155,1.0199999809265137
55.08644080162048,1.0199999809265137
55.12344193458557,1.0099999904632568
55.15744209289551,1.0099999904632568
55.185441970825195,1.0
55.21544075012207,0.9800000190734864
55.259440898895264,0.9700000286102296
55.28644061088562,0.9700000286102296
55.323440074920654,0.9700000286102296
55.3444402217865,0.9700000286102296
55.38744020462036,0.9700000286102296
55.41544055938721,0.9700000286102296
55.45744061470032,0.9700000286102296
55.485440731048584,0.9700000286102296
55.51643967628479,0.9700000286102296
55.55643939971924,0.9700000286102296
55.585439682006836,0.9700000286102296
55.61443758010864,0.9700000286102296
55.65643763542175,0.9700000286102296
55.68543767929077,0.9700000286102296
55.716437339782715,0.9700000286102296
55.75643730163574,0.9700000286102296
55.78443741798401,0.9700000286102296
55.82743525505066,0.9700000286102296
55.855435371398926,0.9700000286102296
55.884435176849365,0.9700000286102296
55.91843605041504,0.9700000286102296
55.95543599128723,0.9800000190734864
55.98943614959717,0.9800000190734864
56.0244357585907,0.9800000190734864
56.059436082839966,0.9800000190734864
56.088435888290405,0.9800000190734864
56.116435289382935,0.9800000190734864
56.145435094833374,0.9800000190734864
56.188435077667236,0.9800000190734864
56.219433069229126,1.0
56.254432678222656,1.0099999904632568
56.283432960510254,1.0099999904632568
56.318432092666626,1.0199999809265137
56.3554322719574,1.0199999809265137
56.389432191848755,1.0199999809265137
56.425429582595825,1.0299999713897705
56.454429626464844,1.0299999713897705
56.484429597854614,1.0399999618530271
56.51942825317383,1.0399999618530271
56.5564284324646,1.0399999618530271
56.58542847633362,1.0499999523162842
56.614426612854004,1.0499999523162842
56.656426668167114,1.0499999523162842
56.685426473617554,1.0499999523162842
56.71542453765869,1.0499999523162842
56.75642442703247,1.0499999523162842
56.78542447090149,1.0499999523162842
56.814422845840454,1.0499999523162842
56.85942268371582,1.0499999523162842
56.88742280006409,1.0499999523162842
56.916419982910156,1.0499999523162842
56.95941996574402,1.0499999523162842
56.98842000961304,1.0499999523162842
57.02541947364807,1.0499999523162842
57.05441975593567,1.0499999523162842
57.08441948890686,1.0499999523162842
57.1184184551239,1.0399999618530271
57.155418395996094,1.0399999618530271
57.18941831588745,1.0399999618530271
57.2244176864624,1.0399999618530271
57.25941729545593,1.0399999618530271
57.28841733932495,1.0399999618530271
57.32341694831848,1.0299999713897705
57.35841679573059,1.0299999713897705
57.38741683959961,1.0299999713897705
57.415417194366455,1.0299999713897705
57.45941710472107,1.0299999713897705
57.486417293548584,1.0299999713897705
57.516414403915405,1.0299999713897705
57.55941438674927,1.0299999713897705
57.58841419219971,1.0299999713897705
57.62441349029541,1.0299999713897705
57.66041374206543,1.0299999713897705
57.687413692474365,1.0299999713897705
57.72341227531433,1.0299999713897705
57.7584125995636,1.0299999713897705
57.78841257095337,1.0299999713897705
57.82441067695618,1.0299999713897705
57.84641075134277,1.0299999713897705
57.88741087913513,1.0399999618530271
57.91541028022766,1.0399999618530271
57.94541025161743,1.0399999618530271
57.988410234451294,1.0399999618530271
58.02340888977051,1.0399999618530271
58.05940890312195,1.0399999618530271
58.086408615112305,1.0399999618530271
58.1164116859436,1.0399999618530271
58.158411502838135,1.0399999618530271
58.18641138076782,1.0399999618530271
58.21441173553467,1.0399999618530271
58.25741147994995,1.0499999523162842
58.285412073135376,1.0499999523162842
58.314409494400024,1.0499999523162842
58.35640907287598,1.0499999523162842
58.385409355163574,1.0499999523162842
58.41440939903259,1.0499999523162842
58.457409381866455,1.0499999523162842
58.48540949821472,1.0499999523162842
58.513404846191406,1.0499999523162842
58.55540490150452,1.0499999523162842
58.58540487289429,1.0499999523162842
58.625405073165894,1.0499999523162842
58.65340518951416,1.0499999523162842
58.68840527534485,1.0499999523162842
58.72440028190613,1.0499999523162842
58.75440049171448,1.0499999523162842
58.789400577545166,1.0499999523162842
58.825401067733765,1.0499999523162842
58.85440135002136,1.0499999523162842
58.88940119743347,1.0499999523162842
58.92540407180786,1.0399999618530271
58.95440411567688,1.0399999618530271
58.98940396308899,1.0399999618530271
59.02540111541748,1.0499999523162842
59.0544011592865,1.0499999523162842
59.08940124511719,1.0499999523162842
59.11740326881409,1.0499999523162842
59.15440320968628,1.0499999523162842
59.18940329551697,1.0499999523162842
59.22540307044983,1.0499999523162842
59.25440335273743,1.0499999523162842
59.289403200149536,1.0499999523162842
59.32439827919006,1.0499999523162842
59.354398250579834,1.0499999523162842
59.38939809799194,1.0499999523162842
59.42539644241333,1.0499999523162842
59.446396350860596,1.0499999523162842
59.488396406173706,1.059999942779541
59.51539969444275,1.059999942779541
59.55839967727661,1.059999942779541
59.58639979362488,1.059999942779541
59.627399921417236,1.059999942779541
59.65739989280701,1.059999942779541
59.68339991569519,1.059999942779541
59.71439576148987,1.059999942779541
59.75639581680298,1.059999942779541
59.785396099090576,1.059999942779541
59.8143949508667,1.0700000524520874
59.85739469528198,1.0700000524520874
59.88539481163025,1.0700000524520874
59.9143967628479,1.0700000524520874
59.95639681816101,1.090000033378601
59.98539686203003,1.090000033378601
60.019394397735596,1.090000033378601
60.054394245147705,1.090000033378601
60.090394258499146,1.090000033378601
60.12439227104187,1.090000033378601
60.146392583847046,1.090000033378601
60.187392473220825,1.090000033378601
60.21839094161987,1.1100000143051147
60.25839066505432,1.1299999952316284
60.28639101982117,1.149999976158142
60.31438875198364,1.159999966621399
60.355388879776,1.1799999475479126
60.3943886756897,1.2200000286102295
60.419386863708496,1.2200000286102295
60.454386949539185,1.2400000095367432
60.484386682510376,1.25
60.51438236236572,1.2599999904632568
60.556382179260254,1.2699999809265137
60.5863823890686,1.2799999713897705
60.62038016319275,1.2899999618530271
60.65538024902344,1.2999999523162842
60.684380292892456,1.2999999523162842
60.71938109397888,1.309999942779541
60.7553813457489,1.3200000524520874
60.78438115119934,1.3300000429153442
60.81838059425354,1.3300000429153442
60.85438060760498,1.3300000429153442
60.88938045501709,1.350000023841858
60.92337226867676,1.350000023841858
60.95437288284302,1.350000023841858
60.98937249183655,1.3600000143051147
61.025370359420776,1.3700000047683716
61.054370164871216,1.3700000047683716
61.089370250701904,1.3700000047683716
61.118366956710815,1.3700000047683716
61.154366970062256,1.3799999952316284
61.189366817474365,1.3799999952316284
61.22536540031433,1.3899999856948853
61.2553653717041,1.3899999856948853
61.28436541557312,1.399999976158142
61.31436800956726,1.399999976158142
61.35636806488037,1.409999966621399
61.387367963790894,1.409999966621399
61.41436696052551,1.399999976158142
61.45636701583862,1.3300000429153442
61.48536682128906,1.3200000524520874
61.5153648853302,1.3200000524520874
61.55536460876465,1.309999942779541
61.584364891052246,1.309999942779541
61.613362312316895,1.309999942779541
61.655362367630005,1.309999942779541
61.68436241149902,1.2999999523162842
61.726362228393555,1.2999999523162842
61.75536227226257,1.3300000429153442
61.78436231613159,1.350000023841858
61.8193633556366,1.3700000047683716
61.854363679885864,1.3899999856948853
61.89136338233948,1.399999976158142
61.92535996437073,1.399999976158142
61.9553599357605,1.409999966621399
61.9883599281311,1.4199999570846558
62.024359703063965,1.4199999570846558
62.059359550476074,1.4199999570846558
62.08735942840576,1.4199999570846558
62.11535906791687,1.4199999570846558
62.147358894348145,1.4299999475479126
62.1883590221405,1.409999966621399
62.224358320236206,1.3600000143051147
62.259358167648315,1.3300000429153442
62.28735828399658,1.3600000143051147
62.31535768508911,1.399999976158142
62.358357667922974,1.4199999570846558
62.38735747337341,1.4299999475479126
62.41435647010803,1.4299999475479126
62.45935654640198,1.4299999475479126
62.48635649681091,1.4299999475479126
62.51435446739197,1.4299999475479126
62.55535435676575,1.4299999475479126
62.58535432815552,1.4299999475479126
62.62735462188721,1.440000057220459
62.65435457229614,1.4500000476837158
62.691354751586914,1.4500000476837158
62.71835255622864,1.4500000476837158
62.746352672576904,1.4500000476837158
62.787352561950684,1.4500000476837158
62.81535196304321,1.4500000476837158
62.858352184295654,1.4600000381469729
62.88635206222534,1.4600000381469729
62.915350675582886,1.4600000381469729
62.957350730895996,1.4600000381469729
62.98735070228577,1.4600000381469729
63.01434588432312,1.4600000381469729
63.05534601211548,1.4600000381469729
63.08434581756592,1.4600000381469729
63.11934566497803,1.4600000381469729
63.15534567832947,1.4600000381469729
63.18434548377991,1.4600000381469729
63.22734212875366,1.4600000381469729
63.2543420791626,1.4500000476837158
63.28434205055237,1.4500000476837158
63.31933808326721,1.4500000476837158
63.35533809661865,1.4500000476837158
63.38433766365051,1.440000057220459
63.42733716964722,1.4199999570846558
63.45433712005615,1.399999976158142
63.491337299346924,1.3799999952316284
63.52433466911316,1.3600000143051147
63.546334981918335,1.350000023841858
63.588335275650024,1.3300000429153442
63.624329805374146,1.3600000143051147
63.659329891204834,1.3899999856948853
63.68732976913452,1.4199999570846558
63.71532964706421,1.440000057220459
63.75732970237732,1.4500000476837158
63.78632950782776,1.4500000476837158
63.81332778930664,1.4500000476837158
63.85532808303833,1.4500000476837158
63.88332748413086,1.4500000476837158
63.91832518577576,1.4500000476837158
63.95532512664795,1.4500000476837158
63.98532509803772,1.4500000476837158
64.0193235874176,1.4500000476837158
64.05432367324829,1.4500000476837158
64.09032368659973,1.4500000476837158
64.12531399726868,1.4500000476837158
64.14631390571594,1.4500000476837158
64.1873140335083,1.4500000476837158
64.21531128883362,1.4500000476837158
64.25831127166748,1.4600000381469729
64.28531169891357,1.4600000381469729
64.3153088092804,1.4600000381469729
64.3573088645935,1.4600000381469729
64.38730883598328,1.4600000381469729
64.41430830955505,1.4600000381469729
64.45630836486816,1.4600000381469729
64.48530840873718,1.4600000381469729
64.51430559158325,1.4600000381469729
64.55730557441711,1.4600000381469729
64.58430552482605,1.4600000381469729
64.6203043460846,1.4600000381469729
64.65530443191528,1.4600000381469729
64.6843044757843,1.4600000381469729
64.72430205345154,1.4600000381469729
64.75630211830139,1.4600000381469729
64.78330206871033,1.4600000381469729
64.81829929351807,1.4600000381469729
64.85429906845093,1.4600000381469729
64.8892993927002,1.4600000381469729
64.91829681396484,1.4600000381469729
64.94629669189453,1.4600000381469729
64.9892966747284,1.4800000190734863
65.01629257202148,1.4800000190734863
65.06029272079468,1.4800000190734863
65.08729267120361,1.4800000190734863
65.12429165840149,1.4800000190734863
65.14329147338867,1.4800000190734863
65.18629169464111,1.4800000190734863
65.21528816223145,1.4800000190734863
65.25728797912598,1.4800000190734863
65.28528809547424,1.4800000190734863
65.31928515434265,1.4800000190734863
65.35728526115417,1.4800000190734863
65.39028525352478,1.4800000190734863
65.41828227043152,1.4800000190734863
65.46128249168396,1.4900000095367432
65.48728227615356,1.4900000095367432
65.52427911758423,1.4900000095367432
65.54327917098999,1.4900000095367432
65.58627915382385,1.4900000095367432
65.61427688598633,1.4900000095367432
65.65527677536011,1.4900000095367432
65.68527674674988,1.4900000095367432
65.71427607536316,1.4900000095367432
65.75627613067627,1.4900000095367432
65.78427600860596,1.5
65.82027435302734,1.5
65.85527420043945,1.5
65.88427424430847,1.5
65.91827249526978,1.5
65.95427227020264,1.5
65.98927235603333,1.5
66.0172700881958,1.5
66.06027007102966,1.5
66.08827018737793,1.5
66.1242663860321,1.5
66.14426636695862,1.5
66.18626642227173,1.5
66.21526408195496,1.5
66.25726366043091,1.5
66.28526377677917,1.5
66.31426191329956,1.5
66.35626196861267,1.5
66.38426208496094,1.5
66.42025947570801,1.5
66.45525908470154,1.5
66.48425936698914,1.5
66.51826000213623,1.5
66.55625987052917,1.5
66.58425998687744,1.5
66.6192581653595,1.5
66.65525817871094,1.5
66.68425822257996,1.5
66.71825361251831,1.5099999904632568
66.75625348091125,1.5099999904632568
66.78425359725952,1.5099999904632568
66.81925320625305,1.5099999904632568
66.85525321960449,1.5099999904632568
66.88425326347351,1.5099999904632568
66.92525362968445,1.5099999904632568
66.95425367355347,1.5099999904632568
66.98925352096558,1.5099999904632568
67.01725125312805,1.5099999904632568
67.04525113105774,1.5099999904632568
67.0882511138916,1.5099999904632568
67.12424993515015,1.5099999904632568
67.14424991607666,1.5099999904632568
67.18624997138977,1.5099999904632568
67.215247631073,1.5099999904632568
67.24424767494202,1.5099999904632568
67.28724765777588,1.5099999904632568
67.31524777412415,1.5099999904632568
67.34424781799316,1.5199999809265137
67.38624787330627,1.5199999809265137
67.41524624824524,1.5199999809265137
67.46024632453918,1.5199999809265137
67.48724627494812,1.5199999809265137
67.51524591445923,1.5199999809265137
67.55824589729309,1.5199999809265137
67.58624577522278,1.5199999809265137
67.61524248123169,1.5199999809265137
67.6572425365448,1.5199999809265137
67.68524241447449,1.5199999809265137
67.71424150466919,1.5199999809265137
67.7562415599823,1.5199999809265137
67.78424167633057,1.5199999809265137
67.81923842430115,1.5199999809265137
67.85523843765259,1.5099999904632568
67.8902382850647,1.5099999904632568
67.92523288726807,1.5099999904632568
67.9542326927185,1.5099999904632568
67.98823285102844,1.5099999904632568
68.01623272895813,1.5099999904632568
68.05823278427124,1.5099999904632568
68.0862329006195,1.5099999904632568
68.11522912979126,1.5099999904632568
68.15722918510437,1.5099999904632568
68.18522930145264,1.5099999904632568
68.21422719955444,1.5099999904632568
68.25622725486755,1.5099999904632568
68.28422713279724,1.5099999904632568
68.32622194290161,1.5
68.35522198677063,1.5
68.38622212409973,1.5
68.4192214012146,1.5
68.45422148704529,1.5
68.49022150039673,1.5
68.52421689033508,1.5
68.54721689224243,1.5
68.58821654319763,1.5
68.61621594429016,1.5
68.65821599960327,1.5
68.68621587753296,1.5
68.71521139144897,1.5
68.74321126937866,1.5
68.78621125221252,1.5
68.81421327590942,1.5
68.8552131652832,1.5
68.88321328163147,1.5
68.92621278762817,1.5
68.95521283149719,1.5
68.9902126789093,1.5
69.0182101726532,1.5
69.05421018600464,1.5
69.09021019935608,1.5
69.12421298027039,1.5
69.14521312713623,1.5
69.18821310997009,1.5
69.22421169281006,1.5
69.25921177864075,1.5
69.28721189498901,1.5
69.3152117729187,1.5
69.35721182823181,1.5
69.38621187210083,1.5099999904632568
69.41421222686768,1.5099999904632568
69.45621228218079,1.5099999904632568
69.48421239852905,1.5099999904632568
69.51921272277832,1.5099999904632568
69.55521273612976,1.5099999904632568
69.58421277999878,1.5099999904632568
69.61921072006226,1.5099999904632568
69.65421080589294,1.5099999904632568
69.69021081924438,1.5099999904632568
69.7172122001648,1.5099999904632568
69.74621224403381,1.5
69.78821229934692,1.5
69.81621170043945,1.5
69.85821175575256,1.5
69.88621187210083,1.5
69.91520857810974,1.5
69.95720839500427,1.5
69.98620843887329,1.4900000095367432
70.01420760154724,1.4900000095367432
70.05620765686035,1.4900000095367432
70.08420777320862,1.4900000095367432
70.12620210647583,1.4900000095367432
70.15520215034485,1.4900000095367432
70.19020199775696,1.4900000095367432
70.21819996833801,1.4900000095367432
70.25419998168945,1.4900000095367432
70.28920006752014,1.4900000095367432
70.32419657707214,1.4900000095367432
70.34519672393799,1.4900000095367432
70.3871967792511,1.4900000095367432
70.415194272995,1.4900000095367432
70.4571943283081,1.4900000095367432
70.48519444465637,1.4900000095367432
70.51419401168823,1.4900000095367432
70.55519413948059,1.4900000095367432
70.59019422531128,1.4900000095367432
70.6251928806305,1.4900000095367432
70.64619255065918,1.4900000095367432
70.68819260597229,1.4900000095367432
70.71619510650635,1.4900000095367432
70.75819516181946,1.4900000095367432
70.78619527816772,1.4800000190734863
70.81419467926025,1.4800000190734863
70.85619497299194,1.4800000190734863
70.88419485092163,1.4800000190734863
70.91919469833374,1.4800000190734863
70.95419454574585,1.4800000190734863
70.98919463157654,1.4800000190734863
71.01719260215759,1.4800000190734863
71.04519248008728,1.4800000190734863
71.08919262886047,1.4800000190734863
71.12419176101685,1.4800000190734863
71.14519190788269,1.4800000190734863
71.18719148635864,1.4800000190734863
71.21519231796265,1.4800000190734863
71.25719237327576,1.4800000190734863
71.28519225120544,1.4800000190734863
71.31418776512146,1.4800000190734863
71.35518765449524,1.4800000190734863
71.39018774032593,1.4800000190734863
71.4251880645752,1.4800000190734863
71.44618797302246,1.4800000190734863
71.48818802833557,1.4800000190734863
71.51618599891663,1.4800000190734863
71.54518604278564,1.4800000190734863
71.5881860256195,1.4800000190734863
71.61918568611145,1.4800000190734863
71.65418577194214,1.4800000190734863
71.68418574333191,1.4800000190734863
71.71918535232544,1.4800000190734863
71.75518536567688,1.4800000190734863
71.79018568992615,1.4800000190734863
71.81918668746948,1.4800000190734863
71.85418677330017,1.4800000190734863
71.88418674468994,1.4800000190734863
71.91918563842773,1.4800000190734863
71.95518565177917,1.4800000190734863
71.99018573760986,1.4800000190734863
72.01918482780457,1.4800000190734863
72.05418467521667,1.4800000190734863
72.08418488502502,1.4600000381469729
72.12418508529663,1.4600000381469729
72.14518547058105,1.4600000381469729
72.1881856918335,1.4600000381469729
72.21918416023254,1.4600000381469729
72.25418424606323,1.4600000381469729
72.284184217453,1.4600000381469729
72.32418417930603,1.4600000381469729
72.35918402671814,1.4600000381469729
72.38818407058716,1.4600000381469729
72.41618180274963,1.4600000381469729
72.46018195152283,1.4600000381469729
72.48618173599243,1.4600000381469729
72.51618242263794,1.4600000381469729
72.54518246650696,1.4600000381469729
72.58818244934082,1.4600000381469729
72.6241807937622,1.4600000381469729
72.6591808795929,1.4600000381469729
72.68818068504333,1.4600000381469729
72.71617937088013,1.4600000381469729
72.74517917633057,1.4600000381469729
72.78817939758301,1.4600000381469729
72.82517766952515,1.4600000381469729
72.85417747497559,1.4600000381469729
72.88917779922485,1.4600000381469729
72.9181764125824,1.4600000381469729
72.95517635345459,1.4600000381469729
72.98917627334595,1.4600000381469729
73.01717495918274,1.4600000381469729
73.05917501449585,1.4600000381469729
73.08817481994629,1.4600000381469729
73.11617469787598,1.4600000381469729
73.145174741745,1.4600000381469729
73.18817472457886,1.4600000381469729
73.21617341041565,1.4600000381469729
73.25917339324951,1.4800000190734863
73.28617334365845,1.4800000190734863
73.31517004966736,1.4600000381469729
73.34517002105713,1.4600000381469729
73.38817000389099,1.4600000381469729
73.41617178916931,1.4500000476837158
73.45917177200317,1.4500000476837158
73.48617196083069,1.4500000476837158
73.51517009735107,1.4299999475479126
73.54516983032227,1.4199999570846558
73.58816981315613,1.399999976158142
73.61616826057434,1.3899999856948853
73.64416837692261,1.3799999952316284
73.68716835975647,1.3600000143051147
73.71616768836975,1.3300000429153442
73.74516749382019,1.3300000429153442
73.78816747665405,1.309999942779541
73.82416534423828,1.2899999618530271
73.86016535758972,1.2699999809265137
73.88816547393799,1.2599999904632568
73.9161651134491,1.2400000095367432
73.94516515731812,1.2200000286102295
73.98816514015198,1.190000057220459
74.01616406440735,1.1699999570846558
74.05916428565979,1.1399999856948853
74.08616423606873,1.1200000047683716
74.11516308784485,1.090000033378601
74.1451632976532,1.0499999523162842
74.18816351890564,1.0
74.21616196632385,0.959999978542328
74.25916194915771,0.8999999761581421
74.28816175460815,0.8500000238418579
74.316162109375,0.7900000214576721
74.34516215324402,0.7400000095367432
74.38816213607788,0.6600000262260437
74.4161605834961,0.5899999737739563
74.46016049385071,0.5199999809265137
74.48716068267822,0.449999988079071
74.51516056060791,0.3899999856948852
74.55816054344177,0.3300000131130218
74.58716058731079,0.2899999916553497
74.61516213417053,0.2899999916553497
74.65916204452515,0.2899999916553497
74.68616223335266,0.2899999916553497
74.71516489982605,0.2899999916553497
74.74416470527649,0.2899999916553497
74.78716468811035,0.2899999916553497
74.81516623497009,0.2899999916553497
74.8591661453247,0.3400000035762787
74.88716626167297,0.3600000143051147
74.92316746711731,0.3700000047683716
74.95716738700867,0.3700000047683716
74.98516750335693,0.3600000143051147
75.01416540145874,0.3499999940395355
75.05616569519043,0.3300000131130218
75.08416557312012,0.3199999928474426
75.11316680908203,0.2899999916553497
75.15516662597656,0.2899999916553497
75.18316674232483,0.2899999916553497
75.22516560554504,0.2899999916553497
75.25416564941406,0.2899999916553497
75.28316569328308,0.2899999916553497
75.32516622543335,0.2899999916553497
75.35316634178162,0.2899999916553497
75.38916611671448,0.2899999916553497
75.42416954040527,0.2899999916553497
75.45316958427429,0.2899999916553497
75.48716950416565,0.2899999916553497
75.5151674747467,0.2899999916553497
75.55716753005981,0.2899999916553497
75.5851674079895,0.2899999916553497
75.61416411399841,0.2899999916553497
75.65516424179077,0.2899999916553497
75.68316411972046,0.2899999916553497
75.72516226768494,0.2899999916553497
75.7531623840332,0.2899999916553497
75.78916239738464,0.2899999916553497
75.82315802574158,0.2899999916553497
75.85815811157227,0.2899999916553497
75.88615798950195,0.2899999916553497
75.91415619850159,0.2899999916553497
75.95715618133545,0.2899999916553497
75.98415613174438,0.2899999916553497
76.01315188407898,0.2899999916553497
76.05415177345276,0.2899999916553497
76.08915209770203,0.2899999916553497
76.12515020370483,0.2899999916553497
76.14515018463135,0.2899999916553497
76.18715000152588,0.2899999916553497
76.21514749526978,0.2899999916553497
76.25714755058289,0.2899999916553497
76.2861475944519,0.2899999916553497
76.31514549255371,0.2899999916553497
76.35714554786682,0.2899999916553497
76.3891453742981,0.2899999916553497
76.42314267158508,0.2899999916553497
76.45314288139343,0.2899999916553497
76.48714256286621,0.2899999916553497
76.52514147758484,0.2899999916553497
76.54414129257202,0.2899999916553497
76.58614134788513,0.2899999916553497
76.62313747406006,0.2899999916553497
76.65813755989075,0.2899999916553497
76.68713760375977,0.2899999916553497
76.723135471344,0.2899999916553497
76.75813579559326,0.2899999916553497
76.78913569450378,0.2899999916553497
76.82413506507874,0.2899999916553497
76.85313534736633,0.2899999916553497
76.88813519477844,0.2899999916553497
76.91713285446167,0.2899999916553497
76.94413328170776,0.2899999916553497
76.9881329536438,0.2899999916553497
77.02313089370728,0.2899999916553497
77.05313086509705,0.2899999916553497
77.08913087844849,0.2899999916553497
77.12312912940979,0.2899999916553497
77.1431291103363,0.2899999916553497
77.18512916564941,0.2899999916553497
77.21412515640259,0.2899999916553497
77.25712537765503,0.2899999916553497
77.28512525558472,0.2899999916553497
77.31312561035156,0.2899999916553497
77.3551254272461,0.2899999916553497
77.38312554359436,0.2899999916553497
77.4181296825409,0.2899999916553497
77.45412969589233,0.2899999916553497
77.4831292629242,0.2899999916553497
77.52612805366516,0.2899999916553497
77.5531280040741,0.2899999916553497
77.58912801742554,0.2899999916553497
77.62312412261963,0.2899999916553497
77.65812420845032,0.2899999916553497
77.693124294281,0.2899999916553497
77.71412229537964,0.2899999916553497
77.7571222782135,0.2899999916553497
77.78412222862244,0.2899999916553497
77.81312489509583,0.2899999916553497
77.85412502288818,0.2899999916553497
77.88912510871887,0.2899999916553497
77.9241235256195,0.2899999916553497
77.94512343406677,0.2899999916553497
77.98712348937988,0.2899999916553497
78.02312111854553,0.2899999916553497
78.05912113189697,0.2899999916553497
78.08612108230591,0.2899999916553497
78.11612010002136,0.2899999916553497
78.15712022781372,0.2899999916553497
78.18512010574341,0.2899999916553497
78.2141182422638,0.2899999916553497
78.2561182975769,0.2899999916553497
78.28411841392517,0.2899999916553497
78.31411838531494,0.2899999916553497
78.34311842918396,0.2899999916553497
78.38911843299866,0.2899999916553497
78.42311382293701,0.2899999916553497
78.45711374282837,0.2899999916553497
78.48611378669739,0.2899999916553497
78.51411271095276,0.2899999916553497
78.55611276626587,0.2899999916553497
78.58411288261414,0.2899999916553497
78.61511087417603,0.2899999916553497
78.65511083602905,0.2899999916553497
78.69811081886292,0.2899999916553497
78.71310949325562,0.2899999916553497
78.75510954856873,0.2899999916553497
78.78410959243774,0.2899999916553497
78.81511044502258,0.2899999916553497
78.85511040687561,0.2899999916553497
78.8831102848053,0.2899999916553497
