range,from_id,to_id,tx1,rx1,tx2,rx2,tx3,rx3,fpp1,fpp2,skew1,skew2,r_iw_a_ifo001,q_ai_ifo001,gt_range,bias,pair,del_t1,del_t2,del_t3,del_t4,range_raw,bias_raw,tx1_raw,tx2_raw,tx3_raw,rx1_raw,rx2_raw,rx3_raw,std,timestamp
4.184309858256704,10,2,60880730.06174224,30461064.290787183,30792172.37467638,61211867.983470544,32330890.32339433,62750594.830389865,-83.41169738769531,-83.75340270996094,-5.907299995422363,5.954800128936768,[0.07073005-0.001181510.75018259],[-0.00424074-0.0167950.578236260.81568499],4.1200291105598845,0.0642807476968192,"(10,2)",331138.35261417925,331107.66288561746,1538726.8535907492,1538717.948717948,4.311699867248535,0.1916707566886506,60880729.98046875,30792172.28816105,32330890.23687901,30461064.62527544,61211868.33308293,62750595.18667368,0.1972448452550776,0.3043942451477051
4.245129143738127,10,2,2857805313.395076,4279880.238205876,4621234.874676378,2858146698.334504,6159952.823394327,2859685425.181423,-83.24150085449219,-83.32260131835938,-5.985599994659424,5.980899810791016,[7.16741306e-02-4.52370768e-047.48910891e-01],[-0.01089235-0.038141620.570605570.82026557],4.113408604847851,0.131720538890276,"(10,2)",341385.3415465355,341354.229266827,1538726.8535904884,1538717.948717948,4.366099834442139,0.252691229594288,2857805313.3138022,4621234.788161058,6159952.736879006,4279880.558894231,2858146698.655349,2859685425.50894,0.1939072001697046,3.096338987350464
4.240611153598728,10,2,5238522885.510462,32408617.09892704,32758967.24647125,5238873265.982834,34297685.1951892,5240411992.829753,-83.34829711914062,-83.54190063476562,-5.932499885559082,5.395999908447266,[0.0703888-0.001932480.75162841],[0.00352891-0.006914720.583142870.81233245],4.123868944925516,0.1167422086732115,"(10,2)",350380.89067554474,350349.7314453125,1538726.8535900116,1538717.948717948,4.3653998374938965,0.2415308925683801,5238522885.429189,32758967.15995593,34297685.10867388,32408617.428510617,5238873266.319864,5240411993.173454,0.195909035234009,5.557960748672485
4.229319716472461,10,2,7675020738.074577,49100507.60543632,49460297.37467638,7675380558.140564,50999015.32339433,7676919284.956184,-83.60749816894531,-83.70130157470703,-5.709000110626221,5.8653998374938965,[0.07062713-0.0011350.75048673],[-0.00299314-0.014688950.578365160.81559474],4.12053093743898,0.1087887790334809,"(10,2)",359820.4940395355,359789.33481069654,1538726.8222913742,1538717.9487179518,4.35830020904541,0.2377692716064299,7675020737.993304,49460297.288161054,50999015.236879006,49100507.95335036,7675380558.487344,7676919285.309635,0.1978658905954176,8.117095708847046
4.211994090457544,10,2,10247951210.831,575773.3185218609,945137.1182661218,10248320604.93842,2483855.0669840705,10249859332.05139,-83.12339782714844,-83.62889862060547,-6.156899929046631,5.707099914550781,[0.07050816-0.001405780.75139932],[5.42937765e-04-1.08207200e-025.80019483e-018.14529331e-01],4.121865041361094,0.0901290490964505,"(10,2)",369394.53125,369363.4033203125,1538727.1196403503,1538717.9487179487,4.33459997177124,0.2127349304101464,10247951210.749727,945137.0317508013,2483854.98046875,575773.6284304888,10248320605.280975,10249859332.400618,0.1950371337819502,10.691761255264282
4.219768099181496,10,2,12663449792.561785,63484926.922598,63863478.46441997,12663828374.406223,65402196.41313792,12665367101.06534,-83.23780059814453,-83.5438003540039,-6.055399894714356,5.895199775695801,[0.07100077-0.000797230.74925603],[-0.00983493-0.032087930.575147350.81735996],4.116431767818483,0.1033363313630131,"(10,2)",378582.2628707886,378551.13494090736,1538726.6657886505,1538717.9487179518,4.343100070953369,0.2266683031348861,12663449792.480509,63863478.377904646,65402196.3266226,63484927.24296374,12663828374.74338,12665367101.409168,0.1952700850395,13.242337465286257
4.219949001557125,10,2,15074166563.395128,54396301.64578528,54701948.01570202,15074472239.69658,56240665.96441997,15076010966.559149,-82.99169921875,-83.59809875488281,-6.031199932098389,5.5254998207092285,[0.0704441-0.001519520.75253311],[5.24956176e-03-2.20467510e-055.80721590e-018.13929489e-01],4.123895684022914,0.0960533175342108,"(10,2)",305676.7233829498,305645.9867037311,1538726.8692398071,1538717.9487179443,4.340400218963623,0.2165045349407091,15074166563.313854,54701947.9291867,56240665.877904646,54396301.94248297,15074472240.037235,15076010966.906475,0.1939410649999951,15.717221975326538
4.214873036536588,10,2,17394449303.779747,22089793.40241747,22395738.079804584,17394755278.33163,23934456.02852253,17396294005.068996,-83.01139831542969,-83.28089904785156,-6.147600173950195,6.153200149536133,[0.0702481-0.00175040.75337022],[0.009899510.008085760.582571610.81267882],4.126191744319438,0.0886812922171502,"(10,2)",305974.95054626465,305944.29211738706,1538726.7440376282,1538717.948717948,4.332099914550781,0.2059081702313436,17394449303.698475,22395737.993289266,23934455.94200721,22089793.701171875,17394755278.64902,17396294005.39306,0.1918300342677459,18.247291326522827
4.185984988697429,10,2,19823729047.369434,31563234.49559049,31869399.938778944,19824035242.554768,33408117.88749689,19825573969.589485,-83.43730163574219,-83.75140380859375,-6.1774001121521,5.866399765014648,[0.07167695-0.001077210.74800006],[-0.0166108-0.047984650.575456570.81625407],4.113763869148977,0.0722211195484519,"(10,2)",306195.6161117554,306165.02028245106,1538727.041389465,1538717.948717948,4.313700199127197,0.1999363299782199,19823729047.28816,31869399.852263626,33408117.80098157,31563234.83198117,19824035242.90428,19825573969.945663,0.1973526116288757,20.870636224746704
4.210247205455963,10,2,22288226066.600147,9037730.790961437,9343967.24647125,22288532332.938328,10882685.195189198,22290071059.8635,-83.55370330810547,-83.6155014038086,-6.022799968719482,5.790900230407715,[0.0705273-0.001216170.75072727],[-0.00139284-0.012883530.578526490.81555978],4.120965024838143,0.0892821806178201,"(10,2)",306266.7611885071,306236.0245142225,1538726.931842804,1538717.948717948,4.3379998207092285,0.2170347958710854,22288226066.518875,9343967.15995593,10882685.108673878,9037731.135441707,22288532333.280064,22290071060.211903,0.1972914898752038,23.48310852050781
4.172366196651675,10,2,24758941002.497524,59946909.41112641,60252861.47724048,24759246984.222977,61791579.42595843,24760785711.30465,-83.37860107421875,-84.66600036621094,-5.987400054931641,5.72760009765625,[0.07095449-0.001198010.74978137],[-0.0084494-0.0299630.577148410.81595975],4.11739545636997,0.0549707402817043,"(10,2)",305982.18086624146,305951.64763621986,1538727.0883407593,1538717.9487179518,4.303100109100342,0.1857046527303714,24758941002.41625,60252861.39072516,61791579.33944311,59946909.74308894,24759246984.59712,24760785711.68546,0.1996762607836731,26.035728454589844
4.204058316392271,10,2,27126440802.17696,7641166.621284061,7947212.438778942,27126746877.8316,9485930.38749689,27128285604.74112,-83.10669708251953,-83.67340087890625,-6.298500061035156,5.927800178527832,[0.07103533-0.000957160.74998061],[-0.00621795-0.025795570.576756930.81648388],4.11802359873972,0.0860347176525513,"(10,2)",306076.08110427856,306045.422676282,1538726.916191101,1538717.948717948,4.326900005340576,0.2088764066008561,27126440802.095684,7947212.352263622,9485930.30098157,7641166.92958734,27126746878.17679,27128285605.09298,0.1951828377715769,28.54973196983337
4.214313724261901,10,2,29655936090.638435,50113543.21458794,50419488.07980458,29656242065.355747,51958206.028522536,29657780791.99921,-83.35459899902344,-83.1792984008789,-5.97160005569458,5.627900123596191,[0.07034756-0.001603090.75362948],[0.010751690.009201370.581342740.81353569],4.125858134861566,0.0884555894003344,"(10,2)",305975.10704803467,305944.44861778617,1538726.650138855,1538717.9487179518,4.33489990234375,0.2090417674821836,29655936090.557163,50419487.99328926,51958205.942007214,50113543.54467148,29656242065.66421,29657780792.31435,0.1936872567673846,31.172044038772583
4.232582592532032,10,2,32189713823.01017,29652316.18825436,29958470.451599456,32190020007.28296,31497188.400317404,32191558734.098576,-83.1781005859375,-83.8405990600586,-6.043300151824951,5.761099815368652,[0.0703755-0.001417680.75367782],[0.01257460.007932760.580071040.81443017],4.125455644303914,0.1071269482281183,"(10,2)",306184.7080345154,306153.86180388555,1538726.8222885132,1538717.948717948,4.357699871063232,0.2322442267593185,32189713822.928898,29958470.36508413,31497188.31380208,29652316.50328025,32190020007.63693,32191558734.45922,0.1964642040284783,33.77693200111389
4.246136638015996,10,2,34624365625.89474,44498559.11955352,44803991.28493279,34624671088.10925,46342709.23365074,34626209814.690125,-83.12339782714844,-83.77420043945312,-6.025599956512451,5.6875,[0.07010518-0.000926120.75291831],[0.006979930.017391120.582805640.81239544],4.127969320190176,0.1181673178258204,"(10,2)",305462.646484375,305431.7689553276,1538726.5875396729,1538717.9487179443,4.369999885559082,0.2420305653689061,34624365625.81346,44803991.19841747,46342709.14713541,44498559.42946214,34624671088.459946,34626209815.047485,0.1958274676468014,36.27967429161072
4.237100890767298,10,2,36925085361.4716,59846349.91652154,60153879.10544561,36925392920.72056,61692597.05416356,36926931647.59878,-83.08650207519531,-83.21939849853516,-6.017199993133545,5.719200134277344,[0.07076045-0.000994380.75007137],[-0.00494699-0.022381580.577418610.81611167],4.119025348839054,0.1180755419282437,"(10,2)",307559.6423034668,307528.7960737124,1538726.8848876953,1538717.9487179518,4.354700088500977,0.2356747396619223,36925085361.39033,60153879.018930286,61692596.96764824,59846350.222856574,36925392921.03263,36926931647.91752,0.1919668682388321,38.64847755432129
4.227466363999431,10,2,39614012861.47154,60101546.66041074,60407837.438778944,39614319182.21354,61946555.387496896,39615857908.96656,-83.86319732666016,-83.33450317382812,-6.145699977874756,5.7256999015808105,[0.07065852-0.001004740.75005788],[-0.00352212-0.017751770.577757020.81600771],4.119986851257548,0.1074795127418832,"(10,2)",306321.1450805664,306290.3301532492,1538726.759689331,1538717.9487179518,4.354800224304199,0.2348133730466512,39614012861.39027,60407837.35226362,61946555.30098157,60101547.02211037,39614319182.53535,39615857909.29504,0.1973465194893068,41.33735656738281
4.198570060365098,10,2,42252941723.65096,10358404.020376744,10664848.65672766,42253248198.06522,12203566.605445608,42254786924.84955,-83.6167984008789,-83.27970123291016,-6.058199882507324,5.779699802398682,[0.0710571-0.001074410.74986307],[-0.00731623-0.028214490.576054290.81689146],4.117205230022133,0.0813648303429648,"(10,2)",306474.812828064,306444.2013471555,1538726.7909927368,1538717.948717948,4.323200225830078,0.205994995807945,42252941723.56969,10664848.57021234,12203566.518930288,10358404.368865184,42253248198.38252,42254786925.17351,0.1959195487470405,43.97340273857117
4.210734455693226,10,2,44459882228.45861,66360753.43854093,66668734.87467638,44460190239.822174,991042.5669840706,44461728966.903854,-83.35340118408203,-83.6323013305664,-5.980000019073486,5.808599948883057,[0.07102898-0.001111830.74986634],[-0.00735497-0.029217920.576174630.81677106],4.1171286131452485,0.0936058425479773,"(10,2)",308011.78760528564,307981.0196314081,1538727.088348389,-65677692.307692304,4.336400032043457,0.2192714188982085,44459882228.377335,66668734.788161054,991042.48046875,66360753.768529646,44460190240.16494,44461728967.25329,0.1964020735725961,46.19222617149353
4.230107099001978,10,2,46697632621.08676,18739609.58824838,19045762.118266124,46697938803.61592,20584480.066984072,46699477530.46284,-83.22059631347656,-83.6666030883789,-5.952000141143799,5.947400093078613,[0.07094918-0.001056380.74980203],[-0.00757674-0.027045550.577264020.81607403],4.117980363481363,0.1121267355206141,"(10,2)",306182.9552307129,306152.124649439,1538726.8535842896,1538717.948717948,4.354499816894531,0.2365194534131678,46697632621.005486,19045762.0317508,20584479.98046875,18739609.907101363,46697938803.96072,46699477530.8143,0.1958413846573669,48.48414444923401
4.221495986787144,10,2,48944324888.71491,47276712.57834041,47581098.656727664,48944629304.7,49119816.60544561,48946168031.42172,-83.40779876708984,-83.22250366210938,-6.102000236511231,5.491000175476074,[0.07005038-0.001513750.75311018],[0.006442160.006175680.58101530.8138413],4.125074775960657,0.0964212108264872,"(10,2)",304416.37870788574,304385.6576772854,1538726.7283935547,1538717.9487179443,4.343299865722656,0.218225089761999,48944324888.63364,47581098.57021234,49119816.518930286,47276712.91253506,48944629305.01234,48946168031.74074,0.1943427661805913,50.79790043830872
4.222498397552997,10,2,51225263254.09948,42843714.36332941,43147853.46441997,51225567423.10636,44686571.41313792,51227106149.79678,-83.17269897460938,-83.48179626464844,-5.916600227355957,5.714499950408936,[0.0700199-0.001434050.75283896],[0.005298280.0033220.580743950.81406212],4.124558849664798,0.097939547888199,"(10,2)",304169.4210739136,304138.70004507154,1538726.697090149,1538717.9487179518,4.344399929046631,0.2198410793818332,51225263254.0182,43147853.377904646,44686571.3266226,42843714.677859575,51225567423.43928,51227106150.13637,0.1944781655633601,53.07834458351135
4.2312998476993045,10,2,53355769504.09943,22411504.538521424,22715762.118266124,53356073791.65984,24254480.066984072,53357612518.42852,-83.26110076904297,-83.22740173339844,-5.5609002113342285,5.29640007019043,[0.07040526-0.001161780.7505691],[-0.00210121-0.010771110.579161130.81513922],4.121597339046923,0.109702508652381,"(10,2)",304287.95447540283,304257.1708483584,1538726.7753448486,1538717.948717948,4.351399898529053,0.2298025594821293,53355769504.01815,22715762.0317508,24254479.98046875,22411504.860902444,53356073791.97263,53357612518.74797,0.1933755060001913,55.344128131866455
4.182365968731648,10,2,55496275329.41989,11978809.679996269,12284335.83621484,55496580885.26858,13823053.784932788,55498119612.19375,-82.93810272216797,-83.30509948730469,-5.6875,5.870100021362305,[0.07069681-0.00121940.75154842],[0.0043356-0.007337330.578206560.81584291],4.121941890104445,0.0604240786272027,"(10,2)",305556.24937438965,305525.778745994,1538726.9318389893,1538717.948717948,4.298699855804443,0.1767579656999984,55496275329.338615,12284335.74969952,13823053.698417468,11978809.970953526,55496580885.58799,55498119612.51983,0.191391126880395,57.618056297302246
4.2139321768824285,10,2,57570564728.45831,2546099.745519126,2850281.3490353525,57570868939.954,4388999.297753301,57572407666.863525,-83.13960266113281,-84.13200378417969,-5.924099922180176,5.870999813079834,[0.07138382-0.000860850.74921638],[-0.01011746-0.034920950.575404230.8170605],4.115919304192438,0.0980128726899902,"(10,2)",304211.9422302246,304181.205553886,1538726.916191101,1538717.948717949,4.340199947357178,0.2242806431647395,57570564728.37703,2850281.262520032,4388999.211237981,2546100.056966146,57570868940.31926,57572407667.23545,0.1974892047054702,59.8950469493866
4.235422114795883,10,2,59684289391.91979,32549211.46217105,32853374.297753304,59684593584.75992,34392092.24647125,59686132311.51294,-82.95010375976562,-83.5072021484375,-6.390699863433838,5.690299987792969,[0.07044896-0.001067550.75070035],[-0.00110566-0.011683890.578562170.81555341],4.121334639891132,0.1140874749047506,"(10,2)",304193.25608825684,304162.4568058923,1538726.759689331,1538717.9487179443,4.354300022125244,0.232965382234112,59684289391.83852,32853374.211237986,34392092.159955926,32549211.75443209,59684593585.094604,59686132311.85429,0.1930153635293724,62.07793283462525
4.254828485007275,10,2,61717865585.83,49620352.58358224,49926635.51570202,61718171898.89896,51465353.46441997,61719710625.60504,-83.1156997680664,-83.61949920654297,-5.939899921417236,5.679200172424316,[0.07111849-0.000930160.74956409],[-0.00827262-0.029608960.576413870.81657928],4.117247113042068,0.137581371965207,"(10,2)",306313.4922103882,306282.5364332944,1538726.7127456665,1538717.9487179443,4.377299785614014,0.2600526725719456,61717865585.748726,49926635.4291867,51465353.377904646,49620352.89275341,61718171899.24094,61719710625.95368,0.1949325510760328,64.24397301673889
4.223868607716206,10,2,63867522068.20175,48338695.08596097,48643077.82339433,63867826480.86479,50181795.77211228,63869365207.602165,-83.3125991821289,-83.72109985351562,-6.071199893951416,5.718299865722656,[0.07093792-0.001056880.7499045],[-0.00651037-0.026946740.576744670.81645389],4.117855061141719,0.1060135465744869,"(10,2)",304413.0921936035,304382.32421875,1538726.7440414429,1538717.9487179518,4.349899768829346,0.2320447076876268,63867522068.12048,48643077.736879006,50181795.68559696,48338695.412660256,63867826481.21267,63869365207.95671,0.1966172080180728,66.46359896659851
4.22626272254928,10,2,66007323318.2017,37201849.52039285,37509544.169548176,66007631042.79884,39048262.11826612,66009169769.47361,-83.01080322265625,-83.3395004272461,-5.910099983215332,5.275899887084961,[0.07096997-0.001022430.74955665],[-0.00860534-0.029636160.576684770.81638307],4.117359458830266,0.1089032637190143,"(10,2)",307725.00062561035,307694.2639473155,1538726.6814422607,1538717.9487179443,4.344200134277344,0.2268406754470779,66007323318.12042,37509544.08303285,39048262.0317508,37201849.81908554,66007631043.12105,66009169769.80249,0.1922813875481665,68.66890978813171
4.228602416855631,10,2,68178055706.02216,56995949.721764855,57302260.51570202,68178362046.803,58840978.46441997,68179900773.63427,-83.56500244140625,-83.69309997558594,-5.997700214385986,5.7118000984191895,[0.07116738-0.00105440.74921751],[-0.01048367-0.033061130.576302770.8164994],4.116507805247376,0.1120946116082555,"(10,2)",306341.2084350586,306310.36220452935,1538726.8379364014,1538717.9487179443,4.357100009918213,0.240592204670837,68178055705.94089,57302260.4291867,58840978.377904646,56995950.06698217,68178362047.14932,68179900773.98726,0.19766323036695,70.90387010574341
4.227189962773413,10,2,70536469480.06056,62820689.73765723,63127004.10544561,70536775824.3965,64665722.05416356,70538314551.18082,-83.22859954833984,-83.41609954833984,-6.009799957275391,5.7118000984191895,[0.07101844-0.000971880.74964963],[-0.00793568-0.028557470.576849580.81631221],4.117624670430604,0.1095652923428094,"(10,2)",306344.74534606934,306313.96171373874,1538726.7909851074,1538717.9487179518,4.349100112915039,0.2314754424844354,70536469479.9793,63127004.018930286,64665721.96764824,62820690.05721655,70536775824.72464,70538314551.51562,0.1944369622845195,73.39903163909912
4.236058581892022,10,2,72990185161.15025,29514341.177681413,29818734.87467638,72990489584.85426,31357452.82339433,72992028311.59163,-83.18419647216797,-83.5907974243164,-6.21649980545044,5.719200134277344,[0.07041225-0.001624170.75137582],[0.00168437-0.009912440.580542040.814168],4.122287470110702,0.1137711117813191,"(10,2)",304424.12547302246,304393.2948968336,1538726.7440338137,1538717.948717948,4.35920000076294,0.2369125306522379,72990185161.06898,29818734.78816105,31357452.73687901,29514341.493264224,72990489585.19446,72992028311.93849,0.1952059914805198,75.91970372200012
4.24279949570163,10,2,75466681988.07327,18988601.97622776,19292781.349035352,75466986197.50923,20831499.297753304,75468524924.3092,-83.21880340576172,-83.22129821777344,-6.12529993057251,5.672599792480469,[0.07118205-0.000899480.7495229],[-0.00872244-0.030777750.575944820.81685799],4.116830222819413,0.1259692728822168,"(10,2)",304209.82946777344,304178.96759815514,1538726.806640625,1538717.9487179518,4.362199783325195,0.2453695605057824,75466681987.992,19292781.26252003,20831499.211237986,18988602.294921875,75466986197.82147,75468524924.62811,0.1930202076634605,78.52968096733093
4.226660736999502,10,2,78150609712.43217,14244094.349319208,14548254.105445608,78150913902.12817,16086972.054163558,78152452628.8499,-83.7957992553711,-83.73829650878906,-6.0441999435424805,5.65399980545044,[0.07065362-0.001081310.75080555],[-0.00294261-0.016789940.578494980.81549399],4.120262213490316,0.1063985235091857,"(10,2)",304190.126083374,304159.31114783697,1538726.7283935547,1538717.94871795,4.357500076293945,0.2372378628036289,78150609712.3509,14548254.018930288,16086971.967648238,14244094.707782453,78150913902.47699,78152452629.20538,0.1986517222191958,81.24649024009705
4.225022498487461,10,2,80612325217.23982,56153926.58065006,56458045.77211228,80612629366.38783,57996763.720830224,80614168093.25041,-83.80059814453125,-83.71489715576172,-6.038599967956543,6.037700176239014,[0.07099126-0.00110570.74928325],[-0.01020438-0.031965560.577120510.81596756],4.117108005331432,0.1079144931560289,"(10,2)",304149.57681274414,304118.74624399096,1538726.8692474363,1538717.9487179443,4.355800151824951,0.238692146493519,80612325217.15855,56458045.68559696,57996763.6343149,56153926.93935297,80612629366.73537,80614168093.60461,0.1985926635490447,83.74471592903137
4.240313599247741,10,2,83151256835.8295,40847012.58043491,41151234.87467638,83151561088.13033,42689952.82339433,83153099814.72685,-83.14620208740234,-83.42060089111328,-5.703400135040283,5.733200073242188,[0.07089682-0.001070270.74940657],[-0.00949746-0.030424160.576724970.81631589],4.11723298366923,0.1230806155785106,"(10,2)",304252.71058654785,304221.895658046,1538726.6031951904,1538717.9487179518,4.361199855804443,0.2439668721352133,83151256835.74823,41151234.788161054,42689952.736879006,40847012.89250301,83151561088.45882,83153099815.06201,0.1938985567224471,86.28190279006958
4.236514632525121,10,2,85832184624.29099,33102620.285146177,33406803.78493279,85832488837.80891,34945521.73365074,85834027564.59325,-83.84839630126953,-83.25189971923828,-5.7118000984191895,5.781599998474121,[0.07024776-0.001754570.75294661],[0.008367430.005527750.583476980.81206705],4.12617348140256,0.1103411511225607,"(10,2)",304213.9141235352,304183.0522586107,1538726.7910003662,1538717.948717948,4.36269998550415,0.2365265041015902,85832184624.20972,33406803.698417462,34945521.647135414,33102620.64615885,85832488838.12384,85834027564.91484,0.1968861127261056,88.9780330657959
4.242994037202672,10,2,88432678021.7268,12139928.121347312,12445417.56698407,88432983541.2351,13984135.51570202,88434522267.98813,-83.78600311279297,-83.79440307617188,-6.019100189208984,5.656799793243408,[0.07095564-0.001037720.74973824],[-0.00793457-0.027372170.576910450.81630881],4.117759010797958,0.1252350264047148,"(10,2)",305519.9412841797,305489.001151843,1538726.759689331,1538717.948717948,4.374199867248535,0.2564408564505775,88432678021.64554,12445417.48046875,13984135.429186698,12139928.479316909,88432983541.58682,88434522268.34651,0.1987926090079897,91.70774245262146
4.2104808821972695,10,2,90734443831.02164,28533851.099732347,28838037.759291764,90734748047.54108,30376755.708009712,90736286774.40366,-83.5438003540039,-83.29080200195312,-5.886799812316895,5.491000175476074,[7.11680622e-02-6.84957202e-047.48970633e-01],[-0.01084539-0.035545160.574059210.81796622],4.115461660647351,0.0950192215499186,"(10,2)",304216.9189453125,304186.229216747,1538726.8692321775,1538717.948717948,4.33459997177124,0.2191383111238893,90734443830.94035,28838037.67277644,30376755.62149439,28533851.44355969,90734748047.85931,90736286774.72856,0.1955892111565522,94.06951761245728
4.224836332035506,10,2,93565103558.58566,36087296.7135165,36393278.14390715,93565409569.98216,37931996.0926251,93566948296.84473,-83.24639892578125,-83.22979736328125,-6.033100128173828,5.759200096130371,[0.07013072-0.001404440.75268245],[0.00495470.002374560.580535120.81421656],4.124284200428277,0.1005521316072286,"(10,2)",306011.7907409668,305981.0227614194,1538726.8692474363,1538717.9487179443,4.344799995422363,0.2205157949940863,93565103558.5044,36393278.05739183,37931996.006109774,36087297.03463041,93565409570.29514,93566948297.16438,0.1932864522182079,97.00721502304076
4.208254710445446,10,2,96080381194.80356,64341749.40333141,64645970.45159946,96080685445.66922,66184688.40031741,96082224172.39096,-83.21209716796875,-83.17630004882812,-5.950200080871582,5.6996002197265625,[7.23009748e-02-5.96344447e-057.51234145e-01],[-0.000939210.022877790.572281240.81973769],4.122393489409667,0.0858612210357785,"(10,2)",304251.2551269531,304220.64365484565,1538726.7283935547,1538717.9487179518,4.327000141143799,0.2046066517341316,96080381194.72227,64645970.36508413,66184688.313802086,64341749.72142929,96080685445.97742,96082224172.7058,0.1926273035385212,99.68164086341858
4.219905208663076,10,2,98542096555.38042,39035030.17184455,39340802.18236869,98542402357.33224,40879520.13108663,98543941084.24178,-83.35459899902344,-83.42510223388672,-6.045199871063232,5.57859992980957,[0.0709277-0.000958220.74980568],[-0.00728849-0.026676820.576970340.8162925],4.118005114321035,0.1019000943420405,"(10,2)",305802.361907959,305771.5939252824,1538726.9161987305,1538717.9487179443,4.343500137329102,0.2254950230080661,98542096555.29916,39340802.095853366,40879520.04457131,39035030.50192808,98542402357.66106,98543941084.57726,0.1952891204781455,102.21184062957764
4.2119297702860585,10,2,100963595073.00858,40727712.445064604,41031891.92595843,100963899282.37135,42570609.87467638,100965438009.29654,-83.20240020751953,-83.5635986328125,-6.005099773406982,5.44350004196167,[0.07026154-0.001464960.75373215],[0.011714360.008754780.580163230.8143689],4.1255071488371255,0.0864226214489329,"(10,2)",304209.7825164795,304179.0771484375,1538726.9318389893,1538717.9487179443,4.335100173950195,0.2095930251130697,100963595072.9273,41031891.83944311,42570609.788161054,40727712.76229467,100963899282.70982,100965438009.64166,0.1951639802763249,104.76429057121275
4.243193986805832,10,2,103596524215.63672,52201333.27356314,52505665.96441997,103596828578.39424,54044383.91313792,103598367305.1942,-83.1594009399414,-83.2426986694336,-5.724800109863281,5.519899845123291,[0.07081288-0.000992440.7498836],[-0.00652292-0.026535970.576931430.81633532],4.1181212691875375,0.1250727176182939,"(10,2)",304363.1529083252,304332.2910406664,1538726.806640625,1538717.9487179518,4.362100124359131,0.2439788551715933,103596524215.55544,52505665.877904646,54044383.8266226,52201333.58686398,103596828578.70836,103598367305.515,0.1927300399260874,107.41248297691344
4.234499573840545,10,2,106133019504.0982,34457285.65469231,34761467.24647125,106133323715.69156,36300185.1951892,106134862442.46024,-83.5875015258789,-83.24759674072266,-5.907299995422363,5.962299823760986,[0.0710251-0.001202450.74973284],[-0.00838345-0.031334670.576734370.81628522],4.116996288131687,0.1175032857088584,"(10,2)",304211.9891815185,304181.15860376507,1538726.7753448486,1538717.9487179518,4.358500003814697,0.2415037156830104,106133019504.01692,34761467.159955926,36300185.10867388,34457286.00135216,106133323716.0061,106134862442.78143,0.1955750803072644,110.0799436569214
4.223790592595357,10,2,108730513141.91864,10494843.359980932,10799071.413137916,108730817399.8991,12337789.361855865,108732356126.65211,-83.32140350341797,-83.24330139160156,-5.831900119781494,6.0619001388549805,[7.12525925e-02-6.73065315e-047.49018696e-01],[-0.01007605-0.034724150.573923240.8181054],4.115525011828409,0.1082655807669477,"(10,2)",304258.3759002685,304227.639222756,1538726.759689331,1538717.948717948,4.344799995422363,0.229274983593954,108730513141.83736,10799071.326622596,12337789.275340544,10494843.68739984,108730817400.21329,108732356126.97296,0.1939115406386953,112.80210900306702
4.17662920089686,10,2,111222009496.08524,14968563.513237216,15275105.06698407,111222316067.296,16813823.01570202,111223854794.20552,-83.34770202636719,-84.06990051269531,-5.8403000831604,5.53849983215332,[0.07001839-0.001645920.75344759],[0.009787290.008411340.581802740.81322753],4.126054071062102,0.0505751298347583,"(10,2)",306571.6552734375,306541.1376953125,1538726.9161987305,1538717.948717948,4.305300235748291,0.1792461646861891,111222009496.00398,15275104.98046875,16813822.929186698,14968563.842773438,111222316067.65926,111223854794.57544,0.1981619712256821,115.45567345619202
4.200963393863496,10,2,113643508029.73904,16661273.298189553,16966787.759291764,113643813574.01976,18505505.708009712,113645352300.9606,-83.62550354003906,-83.33699798583984,-5.936200141906738,5.733200073242188,[0.07095373-0.000980190.74975763],[-0.0075852-0.027946670.576693770.81644572],4.11766919257721,0.0832942012862858,"(10,2)",305544.6839904785,305514.0255659055,1538726.9474945068,1538717.948717948,4.326399803161621,0.2087306105844106,113643508029.65778,16966787.672776442,18505505.62149439,16661273.647210537,113643813574.34177,113645352301.28926,0.1962809684278991,118.0111756324768
4.225036520914068,10,2,116368998246.08511,53478221.72701295,53782172.37467638,116369302226.639,55320890.32339433,116370840953.25116,-83.0552978515625,-83.22429656982422,-6.174600124359131,5.723899841308594,[0.07084494-0.001002420.75009011],[-0.00587522-0.025855150.576972730.81633129],4.11821542560684,0.1068210953072279,"(10,2)",303980.9476470947,303950.2579126581,1538726.6188354492,1538717.9487179518,4.342199802398682,0.2239843767918419,116368998246.00386,53782172.288161054,55320890.236879006,53478222.0302484,116369302226.9515,116370840953.57034,0.1917463856875588,120.86576104164124
4.232379429475554,10,2,119011490545.76456,7297748.296275358,7601643.5285225315,119011794470.98878,9140361.47724048,119013333197.78876,-83.23660278320312,-83.5103988647461,-5.895199775695801,5.960400104522705,[0.07095106-0.000971340.74988984],[-0.00683094-0.026700730.576883250.81635877],4.117968808146356,0.1144106213291982,"(10,2)",303925.64039611816,303894.825470753,1538726.806640625,1538717.948717949,4.355500221252441,0.2375314131060859,119011490545.68327,7601643.442007211,9140361.39072516,7297748.616536458,119011794471.32368,119013333198.13033,0.195068217379132,123.62306618690492
4.226870542303507,10,2,121762416659.54654,2334833.937437697,2640393.528522532,121762722249.11174,4179111.477240481,121764260975.95866,-83.82579803466797,-83.23100280761719,-5.93149995803833,5.685699939727783,[0.0710545-0.0009390.75005645],[-0.00649096-0.025016720.577058990.81629342],4.118204195953628,0.1086663463498789,"(10,2)",305589.959564209,305559.14463141,1538726.853591919,1538717.9487179485,4.35260009765625,0.234395901702622,121762416659.46529,2640393.4420072115,4179111.39072516,2334834.297375801,121762722249.42484,121764260976.27844,0.1966778621778796,126.37418675422668
4.233096592977894,10,2,124213914255.70032,34026432.130395606,34330810.1951892,124214218663.75227,35869528.14390715,124215757390.48969,-83.39759826660156,-83.39510345458984,-6.102000236511231,6.167200088500977,[0.07101475-0.00092840.74988563],[-0.00693538-0.025617340.576630450.8165735],4.117957273153015,0.1151393198248786,"(10,2)",304408.45977783203,304377.6448567733,1538726.7440490725,1538717.9487179518,4.356900215148926,0.2389429419959103,124213914255.61906,34330810.10867388,35869528.05739183,34026432.463817105,124214218664.07884,124215757390.82288,0.1953676103484455,128.95725893974304
4.21295200934372,10,2,126661630145.12337,61936769.806706056,62241082.63108663,126661934487.81557,63779800.57980458,126663473214.6312,-83.45980072021484,-83.71219635009766,-5.989299774169922,5.776000022888184,[0.07070946-0.001151460.75037289],[-0.00361573-0.018834110.577800130.81592345],4.1196395029688455,0.0933125063748745,"(10,2)",304343.12086486816,304312.3998397365,1538726.8222961426,1538717.9487179518,4.34060001373291,0.2209605107640646,126661630145.04208,62241082.54457131,63779800.49328926,61936770.14473157,126661934488.16296,126663473214.98524,0.1972886237761259,131.48685264587402
4.2313319367796005,10,2,129208343342.23868,54411051.54020247,54717380.70800971,129208649701.39925,56256098.656727664,129210188428.16792,-83.17389678955078,-83.58350372314453,-5.818900108337402,5.5254998207092285,[0.07042723-0.001064170.75052351],[-0.00237959-0.012561640.578013580.815875],4.120877015634403,0.1104549211451972,"(10,2)",306359.5815734863,306328.7666516453,1538726.7753448486,1538717.9487179518,4.354300022125244,0.2334230064908409,129208343342.1574,54717380.62149439,56256098.57021234,54411051.854842745,129208649701.73898,129210188428.51431,0.1950989891049542,134.09796833992004
4.250560484300544,10,2,131731838927.17451,23667487.12171479,23971819.810573816,131732143289.95134,25510537.759291764,131733682016.61046,-83.3156967163086,-83.38939666748047,-5.984600067138672,5.209799766540527,[0.07011481-0.001382080.75307241],[0.006003260.006201830.581001840.81385647],4.125075102818516,0.1254853814820276,"(10,2)",304363.18421936035,304332.275390625,1538726.6657867432,1538717.948717948,4.373300075531006,0.2482249727124896,131731838927.09325,23971819.72405849,25510537.67277644,23667487.44866787,131732143290.27748,131733682016.94324,0.1948341181628485,136.75099182128906
4.239983989781843,10,2,134128337917.55908,360910.53174440266,665305.3874968911,134128642342.43877,2204023.3362148395,134130181069.1292,-83.19139862060547,-83.34449768066406,-6.301300048828125,5.885000228881836,[0.07097595-0.000982230.74978559],[-0.00750754-0.027872130.57660940.81650971],4.117623990552306,0.1223599992295367,"(10,2)",304425.28356933594,304394.4529997997,1538726.6970977783,1538717.9487179485,4.360599994659424,0.2429760041071178,134128337917.4778,665305.3009815705,2204023.249699519,360910.8479817708,134128642342.76138,134130181069.45848,0.1937042553977727,139.27811098098755
4.187782370116091,10,2,136748049119.48209,65832814.85285944,66136795.77211228,136748353130.1024,459103.4644199681,136749891856.93364,-83.47270202636719,-83.90160369873047,-6.030300140380859,6.098199844360352,[0.07048292-0.001170880.7507321],[-0.00223913-0.014476670.578514740.81553926],4.120709154868533,0.0670732152475581,"(10,2)",304011.0583190918,303980.49379006773,1538726.8379364014,-65677692.30769231,4.31689977645874,0.1961906215902074,136748049119.40082,66136795.68559696,459103.3779046474,65832815.19180689,136748353130.45914,136749891857.29707,0.1980750955489672,141.96166849136353
4.238049068862739,10,2,139476757228.4564,38651726.36900202,38958542.56698407,139477064074.6885,40497260.51570202,139478602801.42587,-83.5907974243164,-83.65989685058594,-5.837500095367432,6.015399932861328,[0.07062265-0.00108530.75087624],[-0.00242618-0.016165420.578381140.81560196],4.1203455178817086,0.1177035509810302,"(10,2)",306846.6577758789,306815.7645983547,1538726.7440490725,1538717.9487179518,4.366499900817871,0.2461543829361625,139476757228.37512,38958542.48046875,40497260.4291867,38651726.7158704,139477064075.0329,139478602801.77695,0.1976358237426336,144.76019287109375
4.246449711119668,10,2,142249682669.16147,55688084.44140879,55992228.46441997,142249986843.25632,57530946.41313792,142251525569.97803,-83.09010314941406,-83.45790100097656,-5.975299835205078,5.730400085449219,[0.0704212-0.001605840.75138165],[0.00210939-0.006520860.581900210.81320748],4.123432024776468,0.1230176863431999,"(10,2)",304174.50732421875,304143.6298076883,1538726.7283935547,1538717.9487179518,4.366899967193604,0.2434679424171362,142249682669.0802,55992228.377904646,57530946.3266226,55688084.74809696,142249986843.58752,142251525570.31592,0.1937440170343068,147.53320789337158
4.218336345137539,10,2,144777178157.94345,28944361.40942707,29248598.65672766,144777482425.09717,30787316.60544561,144779021151.9284,-83.2260971069336,-83.63899993896484,-5.801199913024902,5.323400020599365,[0.07087376-0.00090130.74946927],[-0.00765788-0.028656450.57678870.81635409],4.117811833422013,0.100524511715526,"(10,2)",304267.578125,304236.841446314,1538726.8379211426,1538717.9487179518,4.34250020980835,0.2246883763863367,144777178157.86218,29248598.57021233,30787316.51893029,28944361.728766024,144777482425.4403,144779021152.27823,0.1957273075446826,150.19337582588196
4.194907237029555,10,2,147405889143.5203,36199507.729623765,36503654.74647125,147406193320.29288,38042372.6951892,147407732047.15543,-82.9823989868164,-83.43659973144531,-5.967899799346924,5.940899848937988,[0.07089244-0.000892460.74932365],[-0.00826146-0.029262060.576115970.81679934],4.117386861415594,0.077520375613961,"(10,2)",304177.18350219727,304146.63461538404,1538726.8692321775,1538717.9487179518,4.313499927520752,0.1961130661051582,147405889143.43903,36503654.659955926,38042372.60867388,36199508.02534054,147406193320.62253,147407732047.49176,0.1927714862983056,152.901198387146
4.223730293100225,10,2,149891385754.09717,34673542.12902165,34979968.84903535,149891692210.7816,36518686.7977533,149893230937.6598,-83.23529815673828,-83.70469665527344,-6.025599956512451,6.005099773406982,[0.07079742-0.001022270.75022143],[-0.00475004-0.023177350.577136010.81630488],4.118731000136041,0.1049992929641838,"(10,2)",306457.11264038086,306426.31335136294,1538726.8848876953,1538717.9487179518,4.348599910736084,0.2298689106000431,149891385754.0159,34979968.76252003,36518686.71123798,34673542.44916867,149891692211.12854,149893230938.01343,0.1961211406479704,155.52202486991882
4.186656923941141,10,2,152287103013.7125,10585548.46835855,10889632.310573814,152287407127.24884,12428350.259291762,152288945854.0801,-83.5968017578125,-83.58350372314453,-6.424200057983398,5.5142998695373535,[0.07076676-0.001117340.74954955],[-0.0086486-0.029028370.577079390.81612608],4.117671614898292,0.0689853090428487,"(10,2)",304113.9573364258,304083.408453526,1538726.8379516602,1538717.948717948,4.314499855041504,0.1968282401432119,152287103013.63123,10889632.224058494,12428350.172776442,10585548.815604968,152287407127.58856,152288945854.4265,0.1973407775079316,157.97831082344055
4.209437712246294,10,2,154892032853.45602,61276476.804844216,61580641.92595843,154892337048.41757,63119359.87467638,154893875775.21753,-82.95590209960938,-83.61479949951172,-6.051700115203857,5.463099956512451,[0.0704344-0.001297540.75066406],[-0.00140334-0.011818150.578967930.81526331],4.121322546207001,0.0881151660392935,"(10,2)",304195.3844909668,304164.7417117432,1538726.806640625,1538717.9487179443,4.329400062561035,0.2080775163540345,154892032853.37476,61580641.83944311,63119359.788161054,61276477.09773137,154892337048.75925,154893875775.5659,0.1937825317254498,160.5853977203369
4.230523902877752,10,2,157285313718.84058,34751301.59973587,35055489.68236869,157285617936.88593,36594207.63108663,157287156663.59198,-83.13960266113281,-83.38880157470703,-5.696899890899658,5.790900230407715,[0.07100035-0.001005110.74935352],[-0.00979822-0.030900960.577004530.81609656],4.117271721646575,0.1132521812311768,"(10,2)",304218.4526672363,304187.68467047065,1538726.712738037,1538717.9487179443,4.350900173187256,0.2336284515406808,157285313718.7593,35055489.595853366,36594207.54457131,34751301.911182895,157285617937.21198,157287156663.9247,0.1936357954398999,163.1733033657074
4.207792288546483,10,2,159821808927.17386,17007195.395748187,17313598.65672766,159822115360.3021,18852316.60544561,159823654087.22723,-83.2396011352539,-83.75759887695312,-6.367400169372559,5.436999797821045,[0.07090006-0.000998160.74967609],[-0.00788679-0.028107960.577348180.81597569],4.117966286915242,0.0898260016312413,"(10,2)",306433.5593261719,306402.85394130275,1538726.9318237305,1538717.9487179518,4.333099842071533,0.2151335551562914,159821808927.0926,17313598.570212338,18852316.51893029,17007195.716271035,159822115360.65192,159823654087.58374,0.1964048170961959,165.8416976928711
4.226311952573899,10,2,162312305353.45584,20480982.54504873,20785169.169548176,162312609570.01804,22323887.118266124,162314148296.73975,-83.11150360107422,-83.16120147705078,-5.789999961853027,6.02370023727417,[0.07093853-0.000935090.74997246],[-0.00630996-0.025805250.576653160.81655666],4.11804076706517,0.1082711855087286,"(10,2)",304216.95025634766,304186.229216747,1538726.7283935547,1538717.948717948,4.343400001525879,0.2253592344607087,162312305353.37457,20785169.08303285,22323887.0317508,20480982.853816107,162312609570.32483,162314148297.05322,0.19170184985229,168.47557830810547
4.253951883751912,10,2,164797814343.84042,18967364.15869134,19273149.938778944,164798120159.758,20811867.88749689,164799658886.51102,-83.5353012084961,-83.56500244140625,-5.845900058746338,5.780700206756592,[0.07046158-0.001691440.75119834],[0.00133299-0.009936760.581330510.81358592],4.12258662276949,0.131365260982422,"(10,2)",305816.3373718262,305785.350310497,1538726.7597045898,1538717.948717948,4.38100004196167,0.2584134191921796,164797814343.75916,19273149.852263626,20811867.80098157,18967364.501953125,164798120160.09653,164799658886.85623,0.1969816412093624,171.09651637077332
4.23579794492195,10,2,167140738750.89163,9303603.244697424,9607725.259291762,167141042902.9347,11146443.20800971,167142581629.79724,-83.04530334472656,-83.4708023071289,-5.664299964904785,5.695000171661377,[7.22243989e-02-1.29343294e-047.51360377e-01],[-6.30185683e-042.25137730e-025.72336477e-018.19709319e-01],4.122374891237012,0.1134230536849383,"(10,2)",304152.456451416,304121.6258513611,1538726.8692321775,1538717.948717948,4.3557000160217285,0.2333251247847165,167140738750.81036,9607725.172776442,11146443.12149439,9303603.54692508,167141042903.2668,167142581630.13605,0.1934996544876748,173.43420243263245
4.248472712086884,10,2,169805666875.89157,52776055.93539052,53080313.40031741,169805971163.47034,54619031.34903535,169807509890.33292,-83.20110321044922,-83.19750213623047,-6.074999809265137,5.713600158691406,[0.07041731-0.001152650.75054287],[-0.00193948-0.010699470.57882710.81537768],4.121476797009427,0.1269959150774573,"(10,2)",304287.970123291,304257.0612980798,1538726.8692626953,1538717.9487179443,4.367400169372559,0.2459233723631317,169805666875.8103,53080313.313802086,54619031.26252003,52776056.252504006,169805971163.78043,169807509890.6497,0.1927063415369172,176.13279914855957
4.241105340188505,10,2,172411941899.93,37594588.74845014,37898991.28493279,172412246332.54437,39437709.23365074,172413785059.46954,-83.15399932861328,-83.30079650878906,-6.080599784851074,5.692200183868408,[0.07071014-0.001117130.75054518],[-0.00270201-0.018417520.578284360.81555828],4.120018719524079,0.1210866206644265,"(10,2)",304433.0146789551,304402.1371694729,1538726.931854248,1538717.9487179443,4.360700130462647,0.2406814109385688,172411941899.84872,37898991.19841747,39437709.14713541,37594589.061248,172412246332.8634,172413785059.79526,0.1931202107369573,178.9077444076538
4.244046996188487,10,2,174759441988.07095,32505751.33882279,32810073.01570202,174759746339.7768,34348790.96441997,174761285066.35767,-83.19930267333984,-83.27469635009766,-5.644700050354004,5.548799991607666,[0.07099096-0.001073730.74917885],[-0.01069295-0.033306060.576775410.81615312],4.1167855442966,0.1272614518918873,"(10,2)",304352.1039733887,304321.2734124586,1538726.5875549316,1538717.948717948,4.363900184631348,0.2471146403347477,174759441987.9897,32810072.92918669,34348790.877904646,32505751.65577424,174759746340.09366,174761285066.6812,0.1932681385350171,181.38859701156616
4.19208452346158,10,2,177506149824.60934,23324262.328415524,23628406.349035352,177506453998.37613,25167124.297753304,177507992725.28564,-83.06590270996094,-83.45010375976562,-6.290999889373779,5.651199817657471,[0.07103844-0.001014290.74975791],[-0.00737948-0.029696720.576244690.81670417],4.117198643274788,0.0748858801867919,"(10,2)",304174.1786804199,304143.629807692,1538726.9161987305,1538717.9487179518,4.312099933624268,0.1949012903494793,177506149824.52808,23628406.26252003,25167124.211237986,23324262.63271233,177506453998.70676,177507992725.62296,0.1935127025688782,184.20951676368716
4.228188761956515,10,2,179951865521.72467,49234435.20896409,49538262.11826612,179952169378.58832,51076980.06698407,179953708105.3413,-83.50260162353516,-83.31819915771484,-5.845900058746338,6.119699954986572,[0.0700032-0.001341550.7531061],[0.006473830.006226840.580788410.814005],4.1251342691577175,0.1030544927987975,"(10,2)",303857.2653808594,303826.48174578696,1538726.7596740725,1538717.9487179518,4.352200031280518,0.2270657621228,179951865521.6434,49538262.0317508,51076979.98046875,49234435.55000501,179952169378.90878,179953708105.66846,0.1955198612221848,186.71222281455996
4.251953355855891,10,2,182522578149.9297,65707970.068815246,66014391.92595843,182522884601.91467,336699.6182661219,182524423328.6677,-83.48889923095703,-83.31390380859375,-5.906400203704834,5.742499828338623,[0.07076544-0.000986410.75026317],[-0.00431228-0.020045140.577446580.81613687],4.119353584072951,0.1325997717829397,"(10,2)",306452.3863220215,306421.43053886294,1538726.7596740725,-65677692.30769231,4.375800132751465,0.2564465486785137,182522578149.84848,66014391.83944311,336699.53175080125,65707970.40890425,182522884602.2348,182524423328.99448,0.1954164903839493,189.34851336479187
4.2132975581347045,10,2,184965294095.4425,21401971.80064201,21706106.669548176,184965598260.15268,23244824.618266124,184967136986.82745,-82.94960021972656,-83.38619995117188,-5.873799800872803,5.751800060272217,[0.07091852-0.001015050.74977134],[-0.00715249-0.02714190.577236530.8160916],4.118066667663763,0.0952308904709413,"(10,2)",304165.1173095703,304134.4901842959,1538726.681427002,1538717.948717948,4.33080005645752,0.2127333887937572,184965294095.36124,21706106.58303285,23244824.5317508,21401972.09284856,184965598260.4785,184967136987.16,0.1921278549838286,191.8696396350861
4.2051962030041565,10,2,187422035289.3527,58337538.91162767,58642012.11826612,187422339792.36084,60180730.06698407,187423878519.09818,-83.71700286865234,-83.30259704589844,-5.405300140380859,5.639999866485596,[0.07098039-0.001162170.74967803],[-0.00828574-0.030997610.575999960.81681949],4.116772975352204,0.0884232276519529,"(10,2)",304503.4085998535,304472.7658002749,1538726.7440185547,1538717.9487179518,4.330999851226807,0.2142268758746031,187422035289.27145,58642012.0317508,60180729.98046875,58337539.26595052,187422339792.68,187423878519.42404,0.1965458632881725,194.4066526889801
4.221394570973171,10,2,192505218045.76285,33042008.458657805,33346202.82339433,192505522270.0232,34884920.77211228,192507060996.698,-83.6281967163086,-83.58350372314453,-5.969699859619141,5.625100135803223,[0.07092845-0.000927180.74951172],[-0.00735047-0.028520020.576792790.81635851],4.117802277955099,0.1035922930180719,"(10,2)",304224.6813659668,304193.9290364571,1538726.681427002,1538717.9487179518,4.349500179290772,0.2316979013356732,192505218045.6816,33346202.73687901,34884920.68559696,33042008.80784255,192505522270.3629,192507060997.0444,0.197474660500161,199.6756241321564
4.196581912915049,10,2,195247144151.532,19079140.34082063,19383366.28493279,195247448407.22183,20922084.23365074,195248987133.9748,-83.3678970336914,-83.3114013671875,-6.018199920654297,5.875699996948242,[0.07048086-0.00133620.75168701],[0.00278086-0.008147490.579744050.8146262],4.122387715566784,0.0741941973482642,"(10,2)",304256.091003418,304225.52646734565,1538726.7596740725,1538717.9487179518,4.318999767303467,0.1966120517366825,195247144151.4508,19383366.198417462,20922084.14713541,19079140.67195012,195247448407.5417,195248987134.30145,0.1946720501309821,202.4128134250641
4.221923721777262,10,2,197946853173.96783,30115464.89397275,30419584.23365074,197947157323.2248,31958302.18236869,197948696049.9935,-83.96499633789062,-83.47530364990234,-6.361800193786621,5.706200122833252,[0.07031926-0.001303910.75086398],[0.00087047-0.009670540.58022790.8143958],4.12249978170123,0.0994239400760319,"(10,2)",304149.67071533203,304118.8870943524,1538726.7753601074,1538717.948717948,4.351500034332275,0.229000252631045,197946853173.88657,30419584.14713541,31958302.09585337,30115465.260041066,197947157323.55728,197948696050.33264,0.1982991873166771,205.17781114578247
4.2238789881883445,10,2,200543346755.6985,5152999.36662258,5459520.1310866345,200543653306.4072,6998238.079804583,200545192033.1758,-82.94960021972656,-83.72730255126953,-6.209099769592285,5.529200077056885,[0.07105365-0.001016960.74956922],[-0.00874039-0.029220880.577354970.81592331],4.117656430112048,0.1062225580762961,"(10,2)",306551.13806152344,306520.3857421875,1538726.7753601074,1538717.948717949,4.344699859619141,0.2270434295070922,200543346755.61728,5459520.044571314,6998237.993289263,5152999.658829127,200543653306.7553,200545192033.5307,0.1944334171421794,207.9114725589752
4.197191316080714,10,2,203195057108.2626,35407381.53725382,35711643.528522536,203195361400.01624,37250361.47724048,203196900126.83185,-83.435302734375,-83.23899841308594,-6.026500225067139,5.723899841308594,[0.07050338-0.001097260.75019046],[-0.00363634-0.016395450.57817540.81573958],4.120327608131492,0.0768637079492213,"(10,2)",304292.1486816406,304261.568509616,1538726.8222961426,1538717.9487179443,4.319499969482422,0.1991723613509295,203195057108.1813,35711643.442007214,37250361.39072516,35407381.8734976,203195361400.33,203196900127.1523,0.194627143419239,210.63118028640747
4.22942003084502,10,2,205727552444.801,13663464.228628958,13967821.413137916,205727856831.96652,15506539.361855865,205729395558.79785,-83.17389678955078,-83.1365966796875,-6.13640022277832,6.055399894714356,[0.0706796-0.001046690.75031082],[-0.00357121-0.016175970.578244390.81569444],4.120287667843371,0.1091323630016489,"(10,2)",304387.5513305664,304356.783353366,1538726.8379516602,1538717.948717948,4.347099781036377,0.2268121131930058,205727552444.71973,13967821.326622596,15506539.275340544,13663464.54326923,205727856832.27103,205729395559.109,0.1920116891554522,213.29494094848636
4.210551142603948,10,2,208376262717.2368,40917772.39067109,41221883.91313792,208376566858.63467,42760601.861855865,208378105585.57547,-83.13780212402344,-83.30819702148438,-5.945499897003174,5.688499927520752,[0.07015634-0.001228930.75297997],[0.006505850.009969520.581636880.81336124],4.126065995091687,0.084485147512261,"(10,2)",304141.79876708984,304111.12467448413,1538726.947479248,1538717.9487179443,4.329999923706055,0.2039339286143677,208376262717.15555,41221883.8266226,42760601.77534054,40917772.701948114,208376566858.9543,208378105585.9018,0.1930517161029366,216.0110297203064
4.259765055357968,10,2,211039972869.48035,15955463.289590085,16259680.38749689,211040277116.7517,17798398.33621484,211041815843.53604,-82.98410034179688,-83.75969696044922,-6.145699977874756,5.74429988861084,[0.07026909-0.001455720.75284637],[0.004891630.003232840.580827970.81400489],4.124355957053643,0.1354090983043248,"(10,2)",304247.7025756836,304216.71549479105,1538726.7909851074,1538717.948717948,4.381400108337402,0.2570441512837593,211039972869.39908,16259680.30098157,17798398.249699518,15955463.58548678,211040277117.10165,211041815843.89264,0.1948618273569828,218.7498459815979
4.2275471547219405,10,2,213345474327.81363,36084635.61860679,36390593.84903535,213345780316.0188,37929311.7977533,213347319042.8344,-83.57420349121094,-83.6249008178711,-6.088900089263916,5.747099876403809,[0.07024127-0.001647480.75358956],[0.01046530.00902050.581622480.81334134],4.125969169067162,0.1015779856547789,"(10,2)",305988.6286926269,305957.7981019616,1538726.8222961426,1538717.9487179518,4.355599880218506,0.2296307111513442,213345474327.7324,36390593.76252003,37929311.71123798,36084635.96441807,213345780316.36105,213347319043.1833,0.1974210588714239,221.1822545528412
4.195955891701018,10,2,215821971170.7623,25558962.6063894,25864768.52852253,215822277006.4848,27403486.477240484,215823815733.4882,-83.1498031616211,-83.6978988647461,-6.36929988861084,5.622300148010254,[0.07090715-0.001073890.74971209],[-0.00785028-0.028224820.576767940.81638242],4.117612982879571,0.0783429088214466,"(10,2)",305836.15032958984,305805.52321213856,1538727.0101013184,1538717.9487179518,4.3196001052856445,0.2019871224060736,215821971170.68103,25864768.44200721,27403486.39072516,25558962.91879507,215822277006.83136,215823815733.84143,0.1955863647465712,223.80000281333923
4.232534872196349,10,2,218335481907.9417,52046977.27666002,52352773.33621484,218335787733.999,53891491.28493279,218337326460.76764,-83.29209899902344,-83.3678970336914,-5.899899959564209,5.801199913024902,[0.0707098-0.001460210.75117274],[5.24394744e-04-1.37446455e-025.79412741e-018.14779563e-01],4.121138126894681,0.1113967453016684,"(10,2)",305826.46298217773,305795.64803686,1538726.7753295898,1538717.9487179518,4.354700088500977,0.2335619616062958,218335481907.86044,52352773.24969952,53891491.19841747,52046977.60166266,218335787734.32343,218337326461.09875,0.19454730485086,226.44521832466123
4.211474208976044,10,2,220834181314.9929,63724142.75499652,64030097.05416356,220834487299.1533,65568815.00288151,220836026025.9376,-83.31700134277344,-83.74859619140625,-6.250100135803223,5.791800022125244,[0.07053006-0.001321160.75195621],[0.00179424-0.004801170.580043430.81456734],4.122700006906777,0.0887742020692661,"(10,2)",305984.5909729004,305953.88559194654,1538726.7909851074,1538717.9487179443,4.337699890136719,0.2149998832299413,220834181314.91168,64030096.96764824,65568814.91636618,63724143.08205629,220834487299.50266,220836026026.29364,0.1967672216684922,229.01962637901303
4.177813462103455,10,2,223423893494.48007,31980715.249416567,32286883.91313792,223424199692.8128,33825601.861855865,223425738419.7536,-83.92240142822266,-83.72039794921875,-5.911099910736084,5.746200084686279,[0.07105302-0.001053330.7494747],[-0.00923285-0.030007670.576834210.81625561],4.117260465207726,0.060552996895729,"(10,2)",306198.7617492676,306168.212890625,1538726.9475097656,1538717.948717948,4.3094000816345215,0.1921396164267959,223423893494.3988,32286883.826622594,33825601.77534054,31980715.61373197,223424199693.1605,223425738420.1081,0.1989643570176635,231.66465306282043
4.23013249572403,10,2,225890608847.0441,11674005.541816652,11979760.51570202,225890914631.9964,13518478.464419968,225892453358.74936,-83.24150085449219,-83.27410125732422,-5.982800006866455,5.739699840545654,[0.07088114-0.001093220.75044393],[-0.0043866-0.020338090.577635540.8160287],4.119188357740698,0.1109441379833322,"(10,2)",305785.3503112793,305754.5666816905,1538726.7597045898,1538717.94871795,4.350599765777588,0.2314114080368901,225890608846.96283,11979760.429186698,13518478.377904648,11674005.862505008,225890914632.3132,225892453359.07285,0.193569943344893,234.2090322971344
4.213113561734118,10,2,228572100177.17224,4492391.419324112,4798045.772112276,228572405861.39856,6336763.720830224,228573944588.1985,-82.73079681396484,-83.76799774169922,-5.826300144195557,5.739699840545654,[0.07103789-0.000934040.74937893],[-0.00801653-0.030432020.576305330.81662793],4.117231676944924,0.0958818847891933,"(10,2)",305684.6579589844,305653.9995242385,1538726.806640625,1538717.948717949,4.33050012588501,0.2132684489400853,228572100177.09097,4798045.685596955,6336763.634314904,4492391.6860727165,228572405861.74893,228573944588.5556,0.1929971390629362,237.03394842147827
4.196389967541669,10,2,231358616050.5696,35118287.44091038,35426323.015702024,231358924115.9232,36965040.96441997,231360462842.7388,-83.22799682617188,-83.6781005859375,-6.010700225830078,5.59250020980835,[0.07065296-0.001061840.75034518],[-0.00327756-0.016421130.57810940.8157874],4.1202271422408,0.0761628253008694,"(10,2)",308065.7802734375,308035.1687700376,1538726.822265625,1538717.9487179443,4.320899963378906,0.2006728211381068,231358616050.4884,35426322.9291867,36965040.877904646,35118287.760416664,231358924116.26865,231360462843.09088,0.1959440280945681,239.93523573875427
4.2113740180703605,10,2,234058515986.46692,46345953.70042609,46653021.73365074,234058823084.37332,48191739.68236869,234060361811.189,-83.1281967163086,-83.56300354003906,-6.14109992980957,5.695899963378906,[0.0705863-0.001222620.75142214],[-0.0008965-0.008901120.579828450.8146847],4.121904462099667,0.0894695559706937,"(10,2)",307098.32608032227,307067.6363431439,1538726.8222961426,1538717.9487179518,4.333499908447266,0.2115954463475988,234058515986.3857,46653021.64713541,48191739.595853366,46345954.01079227,234058823084.7118,234060361811.5341,0.1946797374532224,242.63188004493716
4.204833500097885,10,2,236659227725.249,25602004.567092724,25910265.32339433,236659536015.8856,27448983.27211228,236661074742.9203,-82.99400329589844,-83.98970031738281,-6.065700054168701,5.807700157165527,[0.07107585-0.000958970.7500438],[-0.00624034-0.025529370.576877590.81640742],4.118064496476318,0.0867690036215664,"(10,2)",308291.07821655273,308260.37284655496,1538727.041381836,1538717.948717948,4.328199863433838,0.2101353669575196,236659227725.1677,25910265.23687901,27448983.18559696,25602004.86403245,236659536016.246,236661074743.2873,0.1961181628431333,245.3069698810577
4.211338499908018,10,2,239363718478.45404,41419652.46991944,41725617.887496896,239364024473.77863,43264335.83621484,239365563200.7977,-83.04940032958984,-83.2219009399414,-5.980899810791016,5.839300155639648,[0.0701939-0.001423330.75311828],[0.006160570.005911220.580911160.81392215],4.12492320658735,0.0864152933206678,"(10,2)",305995.718170166,305965.0284204781,1538727.0257263184,1538717.9487179443,4.328400135040283,0.2034769284529334,239363718478.3728,41725617.80098157,43264335.74969952,41419652.772561096,239364024474.0909,239365563201.11667,0.1916771998572814,248.1579432487488
