timestamp,my_id,from_id,to_id,idx,cir
7.380140066146851,21,30,10,732.906005859375,"[70, 67, 84, 53, 95, 160, 141, 19, 55, 113, 104, 33, 118, 115, 36, 48, 45, 79, 118, 101, 22, 106, 90, 24, 82, 150, 122, 57, 89, 100, 73, 55, 66, 47, 68, 42, 68, 77, 138, 38, 53, 50, 72, 32, 62, 89, 139, 39, 88, 103, 77, 18, 94, 47, 133, 127, 87, 84, 108, 57, 32, 113, 123, 99, 59, 123, 124, 41, 108, 67, 50, 24, 66, 84, 94, 55, 53, 81, 54, 36, 27, 98, 9, 52, 75, 77, 133, 84, 27, 88, 69, 41, 62, 93, 107, 78, 16, 80, 111, 45, 119, 156, 49, 53, 26, 72, 104, 114, 21, 136, 149, 17, 79, 89, 113, 35, 64, 44, 44, 69, 68, 38, 91, 81, 25, 91, 94, 63, 90, 90, 70, 32, 61, 46, 152, 62, 44, 74, 101, 80, 94, 101, 101, 50, 35, 56, 42, 119, 63, 69, 122, 88, 112, 77, 81, 33, 131, 86, 59, 42, 82, 57, 34, 74, 72, 27, 117, 62, 85, 51, 40, 32, 61, 70, 41, 43, 42, 96, 49, 72, 127, 62, 81, 58, 53, 63, 105, 66, 25, 93, 39, 69, 85, 76, 75, 62, 49, 83, 107, 61, 64, 57, 110, 44, 64, 131, 53, 79, 103, 78, 60, 76, 39, 37, 68, 66, 52, 73, 54, 59, 69, 54, 54, 58, 35, 20, 60, 63, 61, 44, 52, 63, 6, 62, 45, 19, 39, 34, 25, 132, 7, 93, 76, 26, 48, 67, 63, 111, 71, 31, 95, 19, 101, 72, 33, 19, 50, 67, 98, 86, 44, 41, 31, 5, 50, 52, 52, 69, 100, 74, 42, 23, 58, 13, 28, 46, 43, 60, 79, 50, 20, 41, 4, 102, 54, 15, 114, 88, 69, 133, 64, 62, 24, 79, 52, 119, 58, 63, 111, 64, 16, 76, 77, 123, 84, 121, 108, 77, 135, 13, 64, 83, 45, 43, 85, 42, 33, 23, 49, 33, 61, 62, 39, 32, 17, 73, 75, 13, 53, 63, 29, 42, 36, 26, 69, 48, 67, 54, 95, 13, 33, 48, 27, 57, 80, 51, 61, 99, 53, 44, 10, 3, 58, 18, 46, 94, 61, 80, 53, 71, 47, 109, 74, 55, 90, 23, 93, 51, 61, 12, 63, 35, 24, 32, 45, 43, 60, 35, 10, 31, 18, 67, 60, 20, 79, 32, 15, 24, 74, 45, 74, 57, 60, 52, 46, 17, 37, 101, 79, 45, 14, 61, 74, 75, 128, 135, 72, 61, 96, 30, 54, 72, 37, 121, 88, 57, 83, 83, 54, 51, 21, 41, 40, 76, 38, 25, 66, 28, 63, 74, 41, 53, 52, 26, 72, 131, 50, 74, 55, 26, 12, 44, 89, 9, 31, 93, 64, 16, 59, 42, 27, 35, 64, 45, 55, 13, 54, 49, 34, 100, 62, 91, 121, 39, 32, 74, 105, 8, 49, 64, 76, 92, 82, 69, 144, 69, 12, 75, 94, 85, 48, 56, 135, 57, 33, 63, 131, 64, 93, 138, 127, 52, 41, 17, 34, 83, 84, 67, 86, 81, 97, 19, 81, 86, 81, 77, 31, 106, 55, 83, 119, 41, 64, 70, 53, 1, 18, 36, 35, 52, 25, 82, 10, 99, 135, 51, 157, 23, 64, 88, 68, 21, 47, 34, 49, 48, 81, 21, 24, 45, 77, 33, 36, 39, 60, 41, 104, 13, 105, 24, 29, 105, 81, 56, 85, 65, 27, 120, 94, 54, 55, 45, 50, 56, 41, 53, 18, 83, 10, 23, 61, 63, 9, 41, 64, 21, 65, 39, 109, 51, 69, 23, 25, 53, 16, 28, 51, 98, 78, 68, 144, 49, 23, 50, 26, 62, 111, 78, 113, 123, 37, 47, 105, 42, 96, 68, 45, 164, 112, 31, 140, 111, 37, 90, 23, 21, 22, 14, 10, 45, 11, 72, 61, 59, 21, 113, 109, 80, 77, 156, 137, 110, 58, 107, 12, 102, 47, 91, 120, 11, 57, 35, 23, 29, 82, 85, 34, 20, 92, 85, 106, 60, 128, 143, 135, 41, 100, 73, 8, 23, 17, 111, 130, 87, 111, 94, 104, 53, 94, 100, 101, 51, 29, 89, 35, 10, 10, 155, 148, 32, 40, 40, 45, 22, 57, 124, 57, 23, 40, 13, 77, 85, 34, 59, 142, 40, 57, 136, 120, 56, 129, 91, 63, 98, 68, 74, 30, 84, 43, 50, 118, 110, 58, 50, 109, 22, 61, 145, 132, 56, 130, 116, 50, 21, 78, 87, 94, 68, 53, 28, 42, 98, 244, 708, 1172, 1017, 877, 592, 290, 296, 124, 509, 1017, 1288, 1319, 1723, 1657, 1475, 1433, 2076, 1646, 1038, 744, 1295, 1287, 1235, 1887, 1207, 1118, 1001, 887, 1612, 1121, 577, 753, 966, 564, 543, 455, 286, 755, 1614, 1514, 494, 427, 119, 105, 93, 302, 332, 339, 632, 1103, 1501, 2377, 1926, 500, 455, 228, 855, 579, 617, 668, 343, 236, 303, 271, 452, 422, 263, 653, 654, 229, 163, 272, 262, 232, 82, 487, 543, 83, 401, 493, 638, 685, 358, 214, 122, 163, 246, 496, 423, 342, 357, 317, 413, 368, 176, 29, 139, 296, 217, 30, 210, 191, 208, 220, 170, 271, 298, 364, 276, 140, 47, 84, 233, 312, 356, 389, 425, 231, 151, 238, 315, 238, 63, 81, 79, 129, 223, 187, 158, 108, 92, 80, 51, 22, 73, 217, 142, 129, 280, 76, 170, 154, 70, 86, 106, 49, 18, 155, 177, 127, 102, 102, 156, 101, 181, 124, 56, 184, 213, 12, 153, 150, 137, 87, 36, 154, 75, 49, 96, 58, 101, 85, 45, 87, 74, 60, 43, 61, 33, 109, 55, 43, 25, 112, 158, 99, 94, 85, 87, 81, 56, 107, 183, 143, 70, 45, 147, 175, 39, 103, 78, 104, 36, 45, 58, 73, 64, 73, 76, 58, 30, 103, 98, 58, 112, 66, 129, 157, 136, 117, 70, 106, 106, 32, 77, 83, 11, 41, 62, 27, 40, 48, 169, 244, 90, 105, 51, 69, 80, 121, 33, 143, 187, 40, 103, 62, 53, 44, 43, 129, 104, 33, 20, 37, 27, 113, 68, 86, 74, 37, 94, 67, 47, 13, 16, 86, 80, 114, 44, 82, 76, 45, 56, 81, 29, 70, 55, 61, 41, 87, 162, 124, 69]"
10.890580892562866,21,20,10,751.06201171875,"[56, 35, 17, 18, 56, 72, 30, 103, 28, 36, 126, 93, 61, 27, 83, 133, 51, 106, 162, 28, 28, 93, 18, 84, 67, 9, 63, 51, 35, 31, 24, 70, 62, 15, 78, 37, 85, 152, 54, 107, 38, 19, 61, 23, 60, 81, 22, 85, 37, 14, 20, 35, 29, 29, 12, 94, 81, 55, 110, 47, 77, 140, 77, 59, 47, 67, 103, 32, 27, 81, 85, 106, 120, 35, 168, 68, 48, 123, 22, 120, 61, 57, 151, 34, 75, 32, 99, 35, 60, 17, 25, 40, 59, 103, 108, 50, 27, 31, 16, 17, 42, 73, 22, 88, 72, 27, 162, 44, 43, 37, 20, 19, 38, 19, 30, 14, 64, 72, 19, 53, 59, 60, 82, 92, 111, 51, 47, 64, 34, 5, 107, 8, 27, 35, 15, 56, 81, 61, 18, 19, 62, 77, 36, 112, 105, 38, 127, 29, 72, 173, 21, 80, 56, 31, 108, 65, 52, 35, 45, 57, 42, 15, 55, 14, 41, 15, 38, 62, 104, 14, 132, 36, 13, 96, 20, 94, 13, 49, 21, 24, 75, 115, 38, 107, 112, 67, 109, 37, 26, 46, 40, 29, 52, 30, 58, 26, 40, 41, 72, 84, 68, 9, 46, 12, 13, 32, 122, 42, 31, 55, 73, 58, 83, 132, 33, 26, 101, 35, 59, 59, 104, 118, 36, 77, 60, 78, 49, 8, 60, 96, 58, 132, 53, 27, 64, 11, 59, 148, 93, 47, 186, 72, 17, 19, 20, 53, 9, 78, 12, 21, 33, 63, 29, 68, 16, 147, 76, 45, 139, 10, 101, 188, 28, 98, 107, 22, 7, 49, 62, 65, 83, 83, 44, 26, 66, 37, 50, 66, 30, 13, 99, 23, 17, 33, 8, 62, 97, 98, 92, 27, 161, 60, 18, 53, 100, 106, 11, 32, 95, 30, 32, 83, 19, 22, 118, 51, 21, 22, 52, 50, 26, 46, 35, 54, 39, 11, 4, 93, 99, 126, 133, 38, 89, 65, 30, 29, 93, 59, 97, 48, 68, 64, 19, 29, 48, 79, 98, 58, 115, 67, 52, 46, 21, 36, 100, 17, 129, 56, 19, 30, 59, 49, 59, 74, 49, 17, 77, 74, 78, 18, 49, 61, 55, 33, 20, 34, 54, 72, 33, 24, 41, 47, 56, 121, 71, 38, 30, 46, 150, 55, 73, 166, 36, 173, 152, 19, 115, 94, 43, 16, 47, 51, 26, 18, 68, 39, 60, 58, 3, 57, 128, 45, 32, 35, 33, 96, 53, 147, 89, 5, 41, 32, 40, 49, 60, 32, 82, 19, 11, 30, 37, 104, 47, 33, 48, 53, 40, 13, 60, 118, 36, 45, 66, 19, 66, 49, 17, 46, 46, 81, 69, 12, 11, 43, 10, 58, 27, 48, 72, 51, 14, 17, 56, 65, 26, 133, 43, 34, 38, 11, 52, 104, 54, 6, 74, 19, 141, 67, 23, 48, 26, 56, 39, 37, 63, 48, 38, 7, 24, 51, 81, 21, 52, 8, 37, 28, 90, 37, 74, 18, 16, 55, 28, 55, 11, 109, 61, 37, 83, 35, 42, 27, 44, 113, 24, 47, 46, 59, 131, 141, 59, 30, 83, 104, 79, 38, 26, 51, 20, 57, 93, 23, 75, 21, 63, 76, 73, 93, 135, 45, 39, 4, 8, 29, 58, 85, 106, 72, 21, 29, 102, 246, 71, 54, 20, 30, 39, 16, 49, 14, 92, 146, 128, 43, 102, 16, 44, 27, 86, 127, 67, 20, 28, 29, 23, 46, 61, 86, 36, 23, 79, 38, 50, 106, 22, 47, 112, 35, 30, 23, 31, 12, 16, 36, 38, 32, 43, 24, 21, 97, 77, 9, 39, 27, 15, 5, 37, 75, 38, 78, 9, 22, 41, 45, 27, 67, 66, 29, 91, 34, 148, 41, 58, 107, 60, 8, 65, 32, 43, 30, 26, 26, 33, 39, 43, 21, 49, 51, 92, 149, 103, 88, 53, 36, 35, 22, 13, 24, 11, 93, 18, 68, 46, 17, 49, 79, 28, 22, 30, 44, 39, 32, 34, 58, 32, 61, 20, 18, 32, 2, 46, 13, 26, 75, 47, 22, 85, 8, 13, 23, 46, 75, 79, 48, 85, 27, 2, 44, 34, 78, 138, 65, 206, 37, 36, 39, 66, 104, 50, 45, 69, 59, 42, 26, 60, 103, 77, 33, 33, 45, 42, 162, 43, 86, 31, 27, 126, 38, 13, 18, 33, 95, 127, 30, 143, 63, 39, 48, 69, 84, 28, 38, 79, 65, 64, 79, 10, 70, 26, 9, 54, 19, 6, 45, 63, 64, 82, 44, 139, 58, 3, 46, 127, 23, 19, 29, 98, 32, 31, 48, 221, 3079, 6344, 6810, 1784, 6727, 6467, 1087, 4989, 1031, 1213, 319, 274, 80, 366, 670, 334, 543, 774, 263, 1133, 433, 131, 105, 302, 420, 142, 118, 178, 116, 373, 601, 402, 445, 43, 57, 192, 135, 116, 194, 240, 236, 206, 32, 172, 109, 195, 234, 101, 135, 148, 61, 145, 86, 72, 61, 66, 89, 144, 154, 145, 104, 39, 151, 103, 185, 117, 72, 225, 55, 70, 178, 130, 307, 112, 41, 30, 45, 170, 308, 60, 36, 89, 117, 246, 76, 66, 160, 59, 47, 65, 68, 45, 55, 42, 34, 52, 102, 103, 22, 50, 29, 12, 124, 225, 161, 74, 30, 30, 39, 23, 34, 96, 157, 131, 27, 183, 123, 44, 64, 67, 97, 88, 78, 135, 15, 11, 34, 52, 28, 74, 76, 131, 25, 52, 117, 85, 68, 37, 37, 131, 76, 121, 214, 156, 57, 87, 48, 190, 73, 52, 140, 29, 140, 84, 27, 109, 47, 17, 59, 45, 70, 23, 49, 30, 16, 83, 131, 39, 113, 123, 33, 6, 34, 34, 44, 59, 90, 204, 73, 24, 17, 93, 141, 46, 52, 58, 14, 54, 59, 39, 70, 35, 32, 82, 14, 93, 32, 83, 120, 114, 68, 141, 67, 104, 58, 63, 65, 43, 90, 99, 52, 45, 21, 49, 134, 25, 81, 116, 28, 32, 20, 28, 44, 76, 113, 78, 18, 45, 24, 82, 88, 73, 132, 101, 29, 132, 49, 26, 122, 90, 35, 124, 45, 25, 29, 29, 71, 71, 8, 114, 41, 123, 74, 90, 87, 72, 76, 80, 14, 138, 81, 14, 30, 38, 112]"
11.01135277748108,20,20,10,750.9210205078125,"[43, 112, 98, 65, 68, 93, 73, 47, 87, 193, 186, 139, 47, 63, 93, 49, 3, 103, 36, 189, 67, 27, 68, 110, 142, 10, 39, 128, 36, 12, 118, 74, 55, 91, 23, 72, 19, 91, 21, 54, 52, 28, 60, 65, 42, 70, 167, 129, 45, 109, 99, 130, 18, 44, 89, 100, 101, 83, 84, 68, 106, 27, 41, 92, 46, 54, 24, 132, 104, 51, 116, 72, 90, 207, 206, 38, 54, 110, 123, 56, 25, 37, 57, 43, 115, 50, 68, 107, 83, 55, 25, 89, 39, 133, 59, 43, 44, 13, 48, 114, 112, 59, 65, 27, 85, 102, 118, 58, 68, 74, 80, 44, 91, 75, 37, 87, 108, 130, 107, 89, 25, 56, 87, 110, 113, 62, 23, 16, 168, 135, 115, 209, 16, 90, 46, 29, 43, 77, 73, 58, 21, 156, 145, 72, 58, 109, 68, 51, 46, 13, 39, 112, 53, 117, 115, 35, 74, 78, 86, 87, 88, 148, 136, 40, 112, 140, 82, 70, 84, 82, 135, 101, 141, 56, 118, 104, 35, 45, 57, 22, 78, 107, 92, 46, 112, 78, 154, 71, 58, 41, 73, 57, 53, 47, 46, 107, 52, 73, 30, 80, 80, 68, 120, 44, 60, 49, 56, 69, 65, 103, 32, 155, 127, 99, 87, 85, 23, 64, 99, 71, 40, 16, 36, 83, 100, 31, 59, 63, 128, 48, 9, 42, 66, 65, 36, 34, 41, 35, 91, 78, 111, 148, 181, 79, 44, 30, 106, 22, 10, 78, 135, 96, 162, 93, 123, 103, 191, 29, 204, 52, 63, 56, 56, 5, 19, 81, 62, 29, 41, 107, 36, 54, 70, 99, 145, 114, 60, 94, 57, 143, 88, 83, 36, 145, 156, 86, 102, 139, 110, 192, 133, 126, 91, 100, 36, 44, 81, 115, 100, 99, 66, 50, 79, 122, 65, 86, 40, 47, 99, 55, 33, 39, 78, 132, 21, 165, 84, 17, 117, 135, 35, 24, 19, 110, 33, 174, 100, 97, 50, 44, 29, 33, 85, 90, 76, 66, 77, 98, 41, 27, 88, 35, 88, 145, 126, 121, 165, 112, 18, 63, 33, 52, 88, 28, 51, 48, 107, 60, 80, 42, 66, 83, 23, 216, 73, 96, 98, 121, 255, 44, 150, 12, 35, 127, 68, 169, 60, 78, 87, 78, 91, 62, 56, 67, 51, 19, 47, 49, 171, 62, 72, 40, 58, 97, 58, 63, 87, 128, 65, 58, 110, 111, 193, 91, 92, 68, 52, 124, 187, 131, 140, 45, 3, 24, 144, 84, 174, 80, 44, 32, 59, 17, 75, 58, 48, 114, 82, 36, 47, 36, 109, 66, 46, 106, 60, 69, 132, 22, 89, 92, 85, 52, 39, 139, 45, 83, 75, 41, 50, 62, 117, 146, 41, 97, 24, 48, 91, 106, 93, 129, 55, 60, 44, 47, 69, 68, 145, 90, 138, 14, 50, 76, 123, 129, 48, 66, 33, 47, 17, 119, 139, 120, 42, 155, 58, 109, 65, 67, 89, 13, 52, 71, 91, 54, 59, 53, 82, 111, 129, 114, 218, 70, 77, 12, 78, 187, 125, 155, 90, 20, 13, 19, 56, 60, 10, 226, 112, 80, 78, 70, 113, 55, 102, 30, 63, 18, 62, 66, 57, 46, 54, 48, 20, 78, 169, 98, 113, 144, 115, 152, 84, 143, 140, 90, 57, 81, 80, 35, 40, 83, 122, 92, 101, 118, 85, 115, 76, 50, 117, 28, 91, 134, 60, 134, 75, 10, 54, 65, 48, 161, 80, 37, 81, 103, 197, 97, 86, 38, 78, 49, 59, 60, 91, 78, 102, 67, 50, 124, 68, 52, 96, 32, 56, 18, 34, 66, 52, 12, 96, 71, 62, 40, 54, 67, 161, 90, 48, 42, 41, 69, 81, 152, 98, 78, 127, 115, 176, 182, 98, 54, 59, 21, 39, 15, 51, 91, 46, 90, 29, 35, 44, 72, 25, 34, 29, 89, 106, 28, 63, 57, 78, 106, 116, 24, 102, 131, 43, 40, 108, 133, 28, 157, 71, 34, 77, 19, 50, 119, 109, 75, 114, 112, 57, 27, 59, 24, 28, 151, 19, 42, 68, 69, 79, 89, 192, 60, 61, 48, 51, 50, 61, 61, 90, 162, 53, 58, 55, 94, 59, 133, 27, 37, 129, 26, 68, 79, 103, 158, 44, 74, 71, 91, 117, 83, 29, 42, 48, 40, 66, 77, 43, 63, 58, 52, 115, 134, 69, 86, 103, 34, 52, 65, 51, 146, 74, 11, 50, 91, 46, 60, 46, 206, 51, 75, 132, 70, 97, 76, 87, 76, 47, 157, 65, 76, 86, 116, 145, 284, 37, 64, 516, 1870, 3191, 2598, 2107, 4035, 5161, 1680, 2884, 2765, 4557, 2653, 4102, 4756, 2062, 2243, 2193, 1117, 1002, 1785, 1238, 769, 2345, 2090, 1275, 899, 193, 325, 195, 543, 1117, 1677, 1377, 524, 248, 465, 563, 972, 1144, 992, 563, 442, 497, 168, 565, 155, 512, 455, 354, 66, 604, 577, 498, 619, 169, 412, 443, 968, 832, 360, 421, 95, 191, 166, 394, 604, 723, 382, 350, 315, 579, 759, 882, 657, 292, 505, 191, 498, 898, 501, 278, 250, 438, 492, 403, 496, 521, 338, 393, 332, 379, 390, 379, 388, 377, 158, 126, 212, 100, 408, 374, 377, 404, 246, 201, 260, 172, 253, 192, 133, 286, 153, 160, 254, 232, 176, 179, 199, 88, 105, 276, 84, 168, 259, 337, 215, 144, 41, 79, 144, 237, 77, 51, 183, 208, 165, 201, 150, 126, 195, 210, 147, 261, 106, 58, 109, 174, 133, 127, 114, 131, 155, 98, 99, 115, 118, 46, 103, 154, 89, 246, 187, 22, 116, 107, 218, 18, 41, 87, 117, 32, 129, 188, 127, 21, 80, 44, 61, 29, 38, 52, 98, 112, 156, 129, 38, 133, 146, 115, 109, 124, 23, 133, 106, 19, 196, 123, 136, 142, 158, 97, 199, 83, 90, 107, 52, 47, 156, 91, 62, 135, 150, 108, 208, 60, 104, 166, 57, 139, 171, 85, 137, 86, 81, 148, 119, 74, 20, 50, 98, 67, 92, 61, 62, 54, 90, 42, 64, 102, 67, 63, 34, 109, 142, 102, 133, 198, 129, 72, 17, 82, 43, 5, 25, 81, 99, 153, 53, 70, 39, 30, 109, 106, 115, 141, 90]"
12.646996974945068,20,21,10,745.281005859375,"[57, 207, 134, 80, 50, 38, 80, 62, 103, 116, 23, 53, 146, 76, 139, 134, 162, 78, 221, 213, 40, 58, 69, 57, 94, 210, 109, 40, 95, 44, 58, 139, 166, 135, 213, 27, 102, 114, 97, 65, 281, 285, 54, 132, 105, 30, 71, 73, 38, 100, 41, 18, 52, 28, 38, 87, 260, 165, 88, 126, 49, 19, 68, 141, 292, 296, 28, 191, 133, 54, 24, 84, 101, 214, 51, 99, 52, 90, 29, 50, 135, 27, 107, 124, 29, 50, 13, 40, 13, 67, 97, 107, 33, 38, 37, 37, 14, 73, 69, 76, 51, 132, 83, 54, 111, 122, 77, 116, 94, 82, 38, 50, 116, 273, 49, 52, 89, 23, 34, 25, 56, 105, 126, 110, 21, 40, 27, 79, 128, 176, 187, 119, 36, 50, 42, 19, 53, 206, 73, 74, 47, 78, 55, 49, 106, 41, 12, 31, 51, 32, 21, 59, 148, 111, 77, 49, 90, 69, 41, 13, 88, 81, 91, 87, 75, 31, 26, 72, 66, 149, 134, 128, 75, 51, 54, 21, 5, 239, 58, 78, 77, 31, 38, 115, 50, 78, 143, 167, 102, 72, 94, 58, 90, 94, 39, 63, 46, 48, 28, 36, 91, 4, 147, 250, 25, 82, 22, 140, 151, 16, 175, 129, 90, 21, 45, 91, 116, 181, 86, 73, 55, 64, 26, 72, 205, 145, 36, 116, 124, 24, 51, 20, 103, 101, 48, 36, 43, 59, 41, 37, 15, 189, 65, 13, 37, 83, 44, 38, 52, 73, 124, 77, 24, 32, 26, 51, 87, 100, 80, 103, 36, 35, 46, 69, 11, 197, 143, 148, 78, 45, 55, 137, 237, 72, 51, 33, 57, 45, 16, 64, 129, 256, 49, 60, 132, 100, 52, 63, 211, 225, 114, 40, 35, 82, 30, 46, 165, 70, 57, 43, 114, 17, 9, 64, 56, 106, 17, 153, 61, 28, 35, 69, 157, 162, 93, 187, 23, 74, 57, 9, 130, 79, 46, 100, 73, 88, 32, 18, 58, 105, 40, 10, 66, 5, 23, 73, 103, 229, 12, 35, 57, 19, 1, 53, 157, 63, 59, 43, 186, 60, 35, 77, 56, 39, 28, 72, 35, 31, 33, 12, 57, 20, 120, 113, 96, 19, 26, 36, 26, 96, 91, 174, 41, 95, 90, 38, 17, 24, 86, 9, 54, 20, 2, 72, 95, 212, 113, 51, 40, 10, 12, 111, 242, 337, 23, 25, 86, 55, 21, 7, 35, 124, 87, 37, 71, 182, 92, 38, 224, 42, 116, 132, 87, 71, 22, 72, 35, 207, 33, 180, 92, 24, 11, 116, 43, 74, 41, 51, 13, 50, 63, 38, 15, 29, 72, 56, 56, 26, 18, 106, 81, 32, 114, 128, 30, 43, 25, 16, 23, 113, 74, 128, 143, 46, 32, 77, 150, 116, 102, 74, 120, 83, 101, 48, 38, 19, 34, 54, 112, 30, 36, 68, 194, 255, 63, 151, 68, 19, 48, 124, 262, 224, 60, 56, 52, 7, 13, 29, 35, 202, 96, 78, 49, 45, 11, 33, 45, 386, 75, 129, 126, 141, 51, 47, 70, 48, 44, 63, 46, 61, 58, 31, 111, 144, 128, 121, 38, 35, 43, 75, 156, 109, 73, 64, 27, 53, 8, 42, 63, 153, 77, 112, 32, 44, 51, 50, 42, 253, 91, 15, 117, 25, 22, 105, 203, 70, 76, 112, 7, 42, 38, 74, 83, 205, 32, 42, 41, 53, 13, 71, 47, 29, 97, 75, 71, 18, 15, 23, 114, 44, 38, 88, 17, 27, 23, 30, 81, 158, 5, 59, 23, 40, 37, 60, 16, 92, 110, 25, 62, 23, 4, 36, 70, 116, 110, 87, 60, 22, 33, 47, 45, 18, 17, 88, 19, 51, 84, 127, 166, 232, 89, 71, 74, 40, 22, 80, 90, 42, 87, 59, 72, 35, 28, 49, 22, 40, 28, 55, 73, 22, 8, 75, 123, 41, 97, 85, 61, 16, 16, 35, 89, 53, 179, 89, 21, 33, 18, 35, 87, 97, 26, 38, 74, 46, 36, 84, 132, 81, 108, 65, 94, 8, 3, 31, 81, 186, 93, 97, 78, 96, 65, 31, 140, 137, 113, 106, 24, 28, 27, 41, 150, 153, 124, 94, 50, 57, 17, 54, 85, 90, 24, 65, 18, 22, 28, 31, 161, 85, 110, 119, 51, 30, 17, 19, 82, 112, 43, 65, 86, 36, 19, 14, 117, 115, 75, 82, 121, 25, 35, 98, 116, 49, 112, 277, 44, 7, 15, 81, 192, 313, 94, 112, 95, 11, 19, 80, 149, 179, 38, 35, 47, 27, 33, 142, 576, 2648, 7288, 7354, 3826, 7723, 6750, 1181, 5220, 1772, 1445, 926, 163, 355, 84, 529, 1131, 680, 689, 543, 208, 38, 146, 534, 452, 491, 625, 529, 308, 374, 129, 270, 202, 421, 394, 447, 489, 136, 92, 267, 34, 320, 281, 96, 107, 338, 380, 347, 383, 354, 519, 117, 384, 282, 7, 269, 302, 291, 159, 291, 266, 155, 59, 244, 477, 198, 269, 191, 91, 36, 17, 62, 187, 107, 167, 180, 61, 69, 107, 132, 267, 113, 63, 62, 148, 78, 149, 204, 67, 86, 62, 42, 40, 37, 31, 81, 129, 242, 102, 190, 64, 94, 62, 26, 113, 81, 141, 120, 70, 9, 26, 21, 22, 62, 191, 38, 47, 128, 101, 196, 86, 6, 77, 8, 102, 24, 6, 45, 100, 125, 86, 53, 54, 132, 103, 127, 122, 49, 38, 85, 34, 76, 33, 153, 177, 184, 62, 36, 64, 67, 46, 145, 138, 35, 133, 120, 95, 75, 62, 69, 56, 149, 45, 128, 108, 151, 64, 23, 115, 10, 75, 65, 120, 40, 16, 33, 102, 321, 100, 101, 176, 26, 18, 38, 101, 73, 95, 106, 88, 54, 8, 48, 100, 31, 87, 302, 100, 48, 24, 164, 224, 246, 129, 180, 124, 127, 65, 118, 125, 167, 124, 251, 79, 97, 61, 27, 53, 109, 141, 66, 107, 31, 17, 114, 139, 27, 77, 153, 48, 30, 25, 85, 272, 319, 15, 122, 50, 42, 62, 34, 105, 210, 73, 65, 156, 23, 10, 51, 97, 48, 67, 15, 134, 49, 46, 91, 43, 4, 150, 86, 72, 103, 73, 65, 104, 45, 50, 89, 86, 24, 6, 32]"
26.201419353485107,21,20,10,750.468017578125,"[25, 16, 12, 15, 7, 18, 99, 155, 37, 47, 20, 46, 48, 84, 102, 143, 33, 75, 9, 74, 161, 151, 76, 97, 48, 105, 35, 47, 12, 139, 107, 163, 15, 29, 8, 71, 40, 8, 116, 272, 17, 113, 27, 89, 9, 121, 73, 27, 15, 71, 3, 70, 27, 80, 48, 19, 41, 55, 12, 9, 92, 118, 97, 126, 104, 76, 26, 40, 37, 85, 200, 214, 25, 128, 40, 88, 76, 169, 38, 84, 61, 145, 63, 14, 63, 53, 74, 50, 23, 60, 21, 3, 45, 103, 35, 18, 33, 67, 26, 24, 91, 61, 73, 20, 27, 135, 37, 9, 35, 157, 144, 53, 36, 22, 27, 29, 65, 124, 11, 158, 66, 22, 7, 41, 12, 183, 58, 135, 8, 54, 25, 55, 32, 44, 21, 21, 41, 28, 41, 14, 36, 122, 141, 133, 17, 49, 5, 111, 106, 116, 53, 88, 66, 63, 53, 10, 20, 57, 135, 51, 63, 13, 41, 27, 91, 100, 72, 51, 70, 179, 52, 48, 36, 78, 92, 42, 10, 32, 13, 30, 44, 177, 119, 105, 23, 95, 59, 55, 88, 125, 55, 112, 76, 59, 14, 10, 23, 109, 79, 56, 96, 25, 35, 12, 28, 32, 29, 78, 40, 57, 24, 30, 11, 37, 80, 149, 17, 65, 11, 27, 68, 15, 85, 149, 54, 88, 39, 19, 95, 166, 102, 97, 22, 127, 11, 124, 55, 97, 61, 81, 42, 141, 26, 49, 54, 76, 84, 148, 24, 31, 47, 10, 33, 27, 87, 52, 55, 94, 25, 59, 154, 220, 232, 269, 27, 148, 21, 71, 64, 174, 127, 137, 62, 59, 10, 56, 12, 67, 92, 187, 14, 164, 16, 38, 19, 219, 241, 99, 55, 150, 30, 24, 57, 95, 114, 213, 57, 89, 17, 46, 17, 21, 3, 190, 26, 12, 21, 103, 15, 121, 36, 21, 55, 54, 14, 27, 79, 93, 108, 73, 11, 106, 43, 40, 56, 122, 82, 43, 55, 5, 29, 16, 20, 140, 56, 57, 116, 64, 22, 80, 113, 150, 139, 150, 93, 61, 22, 37, 60, 111, 85, 68, 43, 78, 11, 15, 68, 64, 69, 66, 32, 83, 39, 25, 41, 180, 54, 103, 26, 99, 58, 116, 26, 58, 55, 3, 40, 96, 18, 70, 45, 112, 47, 79, 17, 53, 18, 23, 25, 136, 218, 207, 26, 43, 16, 53, 51, 69, 105, 73, 31, 83, 17, 9, 122, 158, 31, 87, 34, 66, 45, 9, 122, 93, 73, 121, 126, 60, 35, 75, 76, 61, 64, 125, 30, 20, 17, 32, 85, 81, 94, 72, 59, 30, 37, 33, 52, 53, 141, 126, 79, 129, 19, 58, 20, 83, 57, 90, 25, 150, 83, 32, 58, 60, 76, 127, 51, 17, 15, 63, 56, 111, 76, 30, 58, 148, 91, 19, 14, 111, 19, 21, 70, 18, 4, 21, 5, 90, 167, 185, 94, 124, 28, 8, 21, 48, 60, 96, 55, 32, 32, 50, 22, 48, 43, 127, 27, 38, 21, 31, 42, 43, 175, 159, 45, 60, 18, 48, 67, 52, 66, 89, 62, 123, 29, 119, 91, 210, 26, 192, 37, 102, 51, 79, 31, 99, 48, 47, 42, 73, 8, 61, 29, 67, 48, 135, 65, 143, 58, 35, 70, 101, 179, 163, 27, 123, 82, 32, 59, 43, 85, 161, 42, 219, 62, 21, 62, 50, 50, 95, 12, 100, 34, 95, 76, 70, 25, 78, 24, 86, 56, 25, 73, 47, 44, 51, 91, 43, 27, 43, 42, 36, 80, 48, 24, 41, 20, 3, 75, 97, 89, 83, 39, 87, 33, 28, 18, 87, 60, 47, 33, 29, 16, 26, 28, 110, 34, 118, 38, 31, 18, 68, 23, 126, 111, 49, 39, 29, 3, 6, 19, 51, 29, 4, 48, 54, 43, 7, 66, 122, 49, 32, 19, 128, 69, 64, 65, 52, 78, 22, 24, 77, 27, 22, 64, 124, 64, 42, 27, 71, 23, 53, 54, 27, 73, 49, 59, 57, 14, 56, 8, 64, 65, 146, 41, 26, 17, 14, 56, 64, 230, 98, 101, 93, 11, 9, 16, 30, 32, 102, 10, 127, 52, 68, 88, 111, 103, 49, 36, 28, 8, 6, 85, 94, 29, 135, 109, 92, 8, 40, 125, 78, 27, 17, 33, 39, 41, 71, 57, 31, 75, 115, 12, 144, 50, 82, 55, 20, 13, 145, 56, 128, 46, 27, 39, 40, 24, 32, 31, 77, 51, 74, 16, 80, 196, 137, 86, 158, 31, 38, 27, 157, 165, 193, 22, 67, 30, 55, 78, 135, 1207, 6798, 7631, 3862, 7666, 7517, 968, 5641, 1474, 1263, 659, 731, 150, 377, 498, 515, 15, 226, 60, 367, 125, 99, 406, 703, 690, 63, 362, 287, 40, 192, 469, 738, 196, 194, 204, 63, 103, 100, 83, 287, 51, 372, 386, 200, 52, 96, 126, 438, 287, 169, 29, 52, 6, 122, 213, 283, 109, 39, 74, 31, 106, 30, 211, 451, 51, 128, 170, 204, 35, 58, 89, 62, 153, 212, 243, 225, 71, 59, 214, 249, 54, 80, 34, 135, 58, 21, 87, 31, 34, 45, 49, 290, 100, 37, 35, 55, 63, 42, 90, 48, 68, 71, 99, 166, 84, 192, 46, 39, 35, 23, 38, 150, 95, 120, 32, 140, 61, 26, 33, 114, 19, 36, 6, 51, 27, 30, 48, 52, 89, 159, 70, 115, 40, 13, 65, 101, 63, 155, 45, 13, 8, 25, 50, 177, 26, 117, 101, 42, 13, 6, 46, 37, 80, 121, 56, 89, 17, 15, 78, 208, 73, 143, 48, 183, 96, 43, 99, 24, 66, 46, 17, 92, 7, 7, 32, 6, 134, 162, 22, 53, 8, 22, 20, 41, 16, 66, 11, 98, 52, 78, 87, 41, 77, 126, 55, 27, 0, 47, 30, 120, 193, 84, 17, 21, 9, 18, 80, 33, 37, 92, 19, 25, 16, 29, 80, 23, 148, 246, 14, 117, 15, 51, 27, 199, 56, 154, 64, 100, 2, 10, 66, 118, 144, 104, 74, 208, 69, 52, 46, 31, 90, 86, 5, 57, 13, 20, 66, 85, 41, 40, 19, 119, 82, 91, 51, 52, 50, 33, 14, 94, 60, 24, 66, 73, 78, 63]"
26.329833984375,20,20,10,751.3280029296875,"[159, 96, 60, 92, 34, 47, 70, 70, 175, 90, 117, 117, 56, 46, 74, 49, 110, 62, 48, 109, 25, 79, 52, 54, 115, 111, 65, 50, 59, 19, 96, 66, 102, 114, 66, 56, 49, 12, 87, 80, 95, 122, 67, 61, 44, 23, 63, 71, 91, 111, 69, 39, 64, 7, 71, 76, 94, 142, 47, 100, 35, 22, 148, 66, 88, 57, 36, 50, 81, 75, 90, 50, 13, 53, 97, 38, 120, 79, 64, 61, 85, 43, 75, 125, 42, 74, 150, 74, 87, 66, 25, 49, 53, 69, 20, 43, 60, 77, 58, 70, 40, 96, 99, 30, 72, 84, 139, 20, 30, 10, 54, 51, 62, 102, 27, 37, 61, 45, 49, 22, 85, 143, 117, 60, 42, 59, 128, 24, 59, 97, 60, 79, 103, 32, 31, 58, 6, 102, 73, 82, 35, 77, 101, 135, 195, 69, 75, 15, 30, 82, 138, 28, 103, 80, 117, 46, 36, 26, 60, 59, 44, 66, 90, 50, 107, 27, 97, 82, 28, 60, 75, 65, 39, 33, 61, 85, 45, 21, 36, 72, 26, 60, 13, 59, 115, 69, 113, 85, 32, 71, 69, 5, 129, 111, 115, 33, 119, 36, 32, 94, 133, 165, 79, 112, 49, 52, 8, 38, 58, 51, 43, 129, 134, 19, 47, 63, 56, 68, 45, 22, 26, 74, 110, 12, 38, 29, 71, 40, 33, 67, 33, 32, 96, 146, 60, 31, 40, 27, 26, 149, 121, 84, 66, 90, 53, 46, 69, 101, 83, 166, 100, 67, 25, 56, 7, 26, 51, 63, 16, 153, 81, 71, 20, 102, 149, 62, 128, 54, 67, 65, 79, 67, 40, 47, 74, 55, 88, 73, 100, 93, 16, 81, 106, 67, 61, 46, 67, 85, 25, 51, 64, 28, 57, 41, 48, 12, 24, 102, 94, 30, 111, 22, 88, 82, 147, 151, 14, 58, 90, 98, 102, 71, 87, 118, 121, 68, 83, 71, 49, 16, 105, 24, 49, 12, 87, 54, 52, 24, 46, 38, 120, 38, 41, 77, 78, 23, 24, 64, 178, 41, 68, 120, 82, 54, 38, 123, 104, 105, 18, 74, 28, 43, 92, 113, 46, 61, 36, 31, 46, 10, 76, 15, 40, 51, 34, 58, 99, 69, 16, 47, 32, 37, 86, 86, 64, 18, 76, 51, 90, 59, 53, 107, 43, 124, 45, 149, 42, 60, 140, 58, 72, 59, 86, 36, 84, 84, 92, 70, 45, 35, 105, 49, 75, 19, 118, 52, 56, 25, 78, 66, 61, 52, 36, 83, 72, 83, 136, 24, 106, 139, 65, 69, 52, 101, 47, 60, 113, 20, 97, 6, 21, 96, 109, 30, 39, 34, 61, 48, 67, 73, 93, 88, 65, 23, 47, 68, 79, 24, 50, 26, 95, 61, 109, 61, 56, 123, 70, 98, 89, 98, 52, 109, 8, 43, 106, 184, 43, 32, 90, 74, 20, 76, 71, 66, 16, 64, 48, 42, 33, 133, 50, 124, 69, 138, 177, 51, 104, 29, 8, 41, 83, 64, 47, 27, 40, 79, 72, 99, 51, 49, 79, 42, 43, 29, 13, 69, 64, 38, 87, 101, 17, 68, 118, 131, 74, 22, 6, 64, 30, 81, 98, 65, 49, 68, 58, 45, 39, 62, 85, 55, 46, 63, 111, 19, 46, 65, 64, 152, 47, 70, 54, 61, 68, 83, 40, 58, 109, 120, 42, 120, 181, 51, 64, 94, 112, 92, 96, 27, 44, 58, 67, 47, 39, 87, 60, 70, 112, 75, 103, 53, 84, 4, 90, 4, 49, 63, 22, 57, 63, 153, 28, 22, 83, 63, 122, 43, 70, 38, 120, 55, 76, 87, 152, 168, 70, 10, 48, 16, 90, 59, 92, 66, 28, 91, 38, 46, 51, 25, 42, 105, 94, 20, 112, 65, 20, 19, 71, 56, 77, 20, 71, 78, 58, 84, 95, 46, 86, 38, 40, 31, 28, 30, 46, 34, 22, 38, 25, 83, 33, 56, 82, 46, 67, 88, 65, 59, 85, 47, 194, 130, 63, 91, 2, 100, 121, 38, 26, 64, 33, 123, 122, 45, 42, 92, 37, 28, 113, 53, 37, 34, 57, 110, 133, 66, 42, 81, 96, 156, 130, 69, 84, 94, 23, 59, 154, 158, 51, 141, 36, 44, 126, 149, 83, 78, 69, 22, 90, 41, 143, 128, 84, 153, 98, 32, 70, 85, 95, 26, 45, 112, 167, 11, 80, 80, 22, 59, 36, 92, 66, 102, 50, 17, 116, 71, 31, 74, 38, 87, 92, 47, 81, 42, 108, 18, 10, 30, 99, 137, 113, 65, 108, 146, 131, 62, 13, 28, 64, 60, 84, 65, 237, 1388, 4271, 4472, 1196, 6406, 4309, 2301, 2431, 595, 2816, 3687, 2638, 1389, 2861, 1224, 2272, 1603, 1679, 3217, 1874, 927, 2219, 1948, 858, 980, 1277, 743, 607, 372, 385, 911, 1599, 1033, 231, 668, 277, 638, 303, 627, 1412, 1218, 180, 930, 992, 611, 775, 672, 42, 739, 159, 1095, 950, 410, 445, 233, 291, 335, 659, 868, 645, 437, 248, 417, 994, 999, 686, 143, 870, 865, 544, 329, 415, 374, 457, 288, 484, 800, 736, 536, 588, 432, 203, 336, 144, 508, 653, 413, 434, 137, 485, 303, 228, 152, 589, 512, 31, 273, 218, 269, 296, 189, 374, 325, 52, 238, 245, 170, 169, 201, 260, 272, 73, 218, 309, 186, 229, 469, 382, 120, 96, 282, 324, 361, 161, 232, 321, 115, 103, 65, 142, 259, 189, 187, 133, 265, 306, 237, 369, 137, 105, 185, 30, 155, 159, 67, 126, 114, 20, 67, 74, 120, 272, 218, 89, 38, 43, 208, 109, 77, 98, 156, 73, 56, 58, 175, 178, 50, 67, 59, 154, 89, 136, 30, 95, 63, 35, 211, 142, 90, 76, 13, 82, 42, 35, 25, 66, 146, 102, 158, 39, 111, 39, 51, 63, 51, 95, 132, 169, 99, 41, 21, 158, 36, 123, 27, 105, 74, 93, 41, 35, 68, 127, 71, 79, 26, 68, 44, 121, 78, 92, 86, 97, 49, 82, 30, 38, 9, 139, 119, 57, 38, 53, 110, 156, 82, 91, 54, 104, 37, 20, 17, 33, 88, 17, 66, 79, 117, 169, 76, 66, 11, 49, 80, 37, 124, 159, 75, 208, 193, 115, 38, 95, 121, 60, 40]"
28.13572883605957,20,21,10,744.625,"[164, 130, 35, 72, 13, 6, 44, 128, 143, 143, 30, 80, 56, 24, 48, 196, 22, 24, 81, 206, 60, 59, 49, 59, 181, 161, 24, 251, 38, 26, 54, 154, 281, 335, 57, 39, 71, 66, 110, 124, 173, 255, 10, 39, 49, 58, 70, 107, 151, 176, 32, 30, 73, 31, 45, 109, 187, 181, 110, 166, 23, 48, 68, 233, 265, 259, 41, 39, 43, 7, 26, 82, 137, 183, 7, 54, 39, 11, 95, 62, 74, 85, 9, 114, 61, 31, 47, 81, 51, 57, 19, 126, 35, 8, 12, 25, 73, 70, 7, 34, 19, 14, 97, 146, 118, 99, 34, 32, 43, 3, 47, 95, 215, 141, 11, 104, 57, 45, 21, 112, 156, 149, 43, 128, 23, 70, 69, 120, 19, 97, 31, 5, 21, 18, 23, 47, 239, 316, 45, 140, 30, 49, 39, 52, 109, 47, 13, 98, 73, 27, 14, 186, 114, 54, 38, 72, 58, 34, 31, 76, 132, 103, 21, 53, 39, 34, 36, 85, 78, 39, 25, 26, 49, 6, 9, 74, 206, 64, 7, 87, 21, 10, 20, 131, 42, 70, 15, 105, 40, 18, 46, 138, 166, 93, 15, 148, 23, 37, 24, 49, 43, 80, 71, 92, 13, 17, 72, 218, 168, 178, 48, 64, 41, 14, 16, 40, 53, 124, 96, 86, 47, 33, 43, 143, 158, 230, 17, 228, 40, 10, 29, 131, 65, 44, 26, 59, 5, 24, 76, 47, 154, 130, 62, 79, 38, 28, 52, 16, 54, 48, 44, 92, 31, 45, 98, 68, 298, 295, 7, 19, 24, 40, 7, 17, 257, 362, 23, 83, 20, 25, 76, 136, 161, 85, 51, 48, 20, 67, 52, 154, 256, 290, 32, 46, 34, 16, 41, 56, 264, 359, 63, 18, 55, 37, 41, 121, 115, 192, 61, 136, 27, 55, 74, 125, 84, 46, 106, 309, 50, 50, 56, 184, 74, 208, 27, 46, 45, 54, 66, 118, 57, 36, 40, 100, 39, 29, 22, 40, 76, 67, 23, 77, 32, 65, 79, 16, 271, 276, 67, 48, 52, 70, 57, 47, 32, 47, 14, 31, 32, 25, 24, 74, 38, 78, 53, 62, 17, 24, 63, 155, 12, 140, 43, 211, 44, 75, 49, 154, 77, 61, 44, 95, 28, 31, 21, 202, 136, 247, 21, 49, 41, 34, 36, 78, 243, 271, 37, 76, 59, 39, 96, 165, 150, 176, 4, 25, 28, 7, 35, 72, 38, 162, 51, 31, 96, 105, 81, 112, 106, 215, 13, 84, 28, 47, 31, 118, 141, 220, 7, 84, 65, 34, 17, 76, 36, 131, 25, 13, 7, 25, 6, 80, 151, 117, 29, 31, 44, 41, 66, 80, 19, 9, 13, 59, 36, 36, 67, 128, 142, 192, 49, 69, 33, 35, 59, 47, 107, 60, 34, 47, 47, 26, 15, 76, 124, 72, 18, 129, 23, 23, 47, 86, 307, 193, 31, 50, 51, 8, 4, 113, 181, 122, 36, 25, 24, 21, 32, 33, 207, 128, 29, 82, 57, 46, 119, 166, 303, 219, 81, 102, 48, 34, 50, 32, 141, 245, 26, 108, 27, 47, 35, 91, 151, 199, 28, 111, 44, 51, 72, 185, 46, 35, 35, 72, 21, 15, 22, 30, 127, 132, 143, 138, 41, 43, 16, 140, 212, 263, 66, 63, 45, 55, 56, 166, 107, 173, 56, 57, 41, 53, 26, 52, 121, 233, 36, 44, 33, 23, 24, 61, 24, 68, 48, 84, 60, 22, 36, 78, 24, 84, 24, 57, 9, 8, 39, 63, 135, 40, 22, 85, 30, 43, 16, 47, 174, 218, 27, 14, 59, 63, 65, 78, 142, 117, 13, 35, 14, 27, 37, 115, 68, 261, 47, 19, 34, 41, 63, 243, 141, 106, 31, 24, 26, 31, 54, 41, 30, 44, 33, 111, 46, 36, 74, 14, 68, 44, 9, 121, 58, 16, 38, 34, 53, 31, 21, 74, 20, 14, 20, 55, 62, 3, 38, 59, 35, 28, 32, 51, 16, 38, 20, 19, 12, 17, 49, 57, 106, 106, 29, 56, 61, 16, 7, 36, 166, 36, 29, 152, 84, 16, 37, 6, 130, 191, 8, 25, 13, 23, 63, 73, 126, 121, 33, 40, 19, 10, 54, 77, 136, 139, 96, 93, 33, 50, 32, 108, 19, 137, 42, 151, 4, 29, 64, 131, 183, 166, 29, 11, 42, 26, 40, 32, 153, 192, 78, 58, 43, 85, 39, 225, 84, 115, 41, 257, 53, 67, 22, 222, 275, 183, 62, 67, 26, 18, 46, 73, 275, 293, 9, 204, 34, 40, 84, 186, 1120, 5811, 7754, 5707, 7623, 7931, 1327, 3962, 1253, 1711, 417, 549, 162, 525, 634, 998, 168, 105, 55, 416, 31, 58, 107, 538, 392, 252, 161, 367, 51, 18, 67, 279, 271, 297, 65, 143, 177, 126, 33, 213, 340, 416, 151, 90, 176, 239, 162, 524, 100, 331, 173, 224, 91, 44, 154, 104, 194, 317, 54, 181, 65, 59, 256, 371, 38, 200, 50, 328, 50, 39, 35, 249, 154, 131, 180, 109, 110, 108, 82, 148, 56, 19, 7, 15, 25, 20, 33, 225, 98, 188, 50, 201, 31, 35, 89, 62, 266, 277, 104, 128, 54, 73, 68, 169, 138, 97, 20, 68, 77, 38, 82, 113, 92, 24, 39, 28, 18, 12, 10, 157, 51, 82, 32, 70, 59, 9, 14, 120, 44, 189, 35, 96, 83, 124, 89, 293, 127, 174, 41, 159, 52, 30, 45, 230, 21, 81, 71, 108, 18, 43, 46, 225, 107, 145, 37, 17, 21, 23, 3, 84, 130, 215, 14, 169, 46, 14, 61, 180, 30, 27, 6, 169, 49, 56, 116, 195, 94, 170, 5, 47, 34, 33, 11, 49, 106, 127, 31, 148, 29, 3, 115, 133, 121, 150, 57, 155, 37, 47, 126, 130, 141, 41, 27, 32, 44, 32, 32, 116, 47, 129, 65, 61, 79, 75, 39, 64, 235, 354, 13, 40, 21, 28, 42, 199, 136, 137, 57, 33, 72, 22, 46, 165, 264, 200, 18, 47, 29, 12, 20, 60, 191, 123, 31, 70, 24, 11, 16, 36, 96, 95, 4, 196, 56, 67, 20, 91, 40, 38, 11, 114, 74, 12, 34, 70, 118, 91, 14, 55, 6, 5, 37, 74]"
37.81600522994995,21,30,10,750.031005859375,"[33, 99, 93, 4, 103, 112, 152, 55, 44, 147, 88, 96, 59, 89, 108, 37, 96, 129, 55, 98, 87, 11, 101, 66, 99, 30, 55, 92, 112, 127, 117, 92, 113, 34, 56, 88, 115, 127, 132, 104, 104, 42, 72, 96, 102, 142, 138, 110, 96, 39, 60, 112, 89, 126, 150, 75, 44, 96, 84, 72, 230, 72, 134, 54, 114, 120, 81, 101, 157, 69, 57, 49, 43, 58, 12, 83, 97, 94, 87, 20, 128, 95, 44, 68, 51, 134, 106, 45, 53, 100, 85, 39, 132, 181, 59, 27, 59, 70, 77, 9, 128, 83, 71, 47, 106, 36, 40, 58, 59, 151, 141, 55, 65, 144, 59, 56, 83, 99, 99, 73, 136, 92, 151, 38, 136, 42, 108, 172, 59, 100, 187, 91, 76, 59, 33, 83, 46, 48, 43, 113, 117, 86, 54, 67, 77, 88, 112, 26, 79, 52, 47, 68, 86, 71, 90, 29, 44, 80, 48, 47, 83, 65, 18, 31, 85, 65, 56, 10, 47, 43, 52, 129, 46, 51, 83, 87, 151, 47, 69, 48, 80, 89, 33, 42, 53, 16, 31, 77, 93, 68, 36, 43, 62, 90, 36, 120, 48, 68, 99, 48, 95, 62, 32, 36, 67, 85, 81, 46, 49, 36, 56, 32, 97, 137, 89, 60, 63, 7, 103, 84, 84, 96, 107, 61, 31, 36, 90, 107, 126, 42, 70, 35, 159, 79, 93, 48, 124, 16, 66, 78, 46, 15, 37, 76, 70, 118, 98, 37, 55, 61, 37, 73, 67, 95, 93, 53, 69, 114, 80, 124, 58, 168, 118, 37, 111, 93, 47, 85, 92, 20, 125, 49, 44, 44, 43, 74, 93, 43, 36, 50, 48, 118, 126, 47, 91, 138, 102, 89, 58, 28, 17, 67, 25, 76, 86, 50, 19, 90, 33, 50, 30, 101, 109, 136, 35, 41, 80, 38, 20, 79, 110, 46, 44, 44, 93, 46, 78, 115, 90, 28, 65, 55, 71, 56, 57, 72, 36, 74, 45, 115, 99, 58, 101, 56, 92, 44, 35, 19, 79, 7, 54, 95, 30, 53, 9, 47, 70, 62, 36, 128, 96, 81, 49, 51, 48, 65, 54, 150, 167, 42, 48, 23, 10, 48, 89, 43, 96, 46, 40, 33, 89, 47, 67, 98, 79, 98, 57, 70, 51, 65, 45, 84, 45, 58, 28, 39, 32, 44, 76, 39, 14, 41, 29, 77, 25, 15, 44, 79, 56, 96, 49, 35, 41, 52, 73, 89, 128, 38, 10, 12, 75, 58, 7, 24, 114, 42, 45, 16, 50, 86, 11, 130, 126, 69, 48, 61, 24, 50, 109, 82, 39, 10, 34, 48, 56, 56, 96, 111, 85, 35, 62, 88, 81, 41, 58, 70, 73, 39, 61, 15, 65, 71, 50, 25, 45, 50, 60, 137, 92, 34, 91, 88, 42, 20, 73, 97, 38, 82, 99, 81, 50, 101, 26, 56, 16, 54, 67, 21, 114, 61, 46, 38, 73, 26, 61, 48, 85, 22, 57, 72, 62, 51, 26, 38, 32, 21, 58, 97, 65, 43, 29, 62, 73, 25, 62, 60, 41, 84, 10, 22, 47, 37, 23, 54, 88, 42, 133, 56, 8, 27, 15, 51, 40, 62, 71, 85, 31, 57, 48, 43, 42, 114, 44, 47, 68, 116, 119, 76, 85, 33, 27, 82, 29, 48, 93, 28, 53, 70, 79, 37, 51, 76, 74, 12, 54, 110, 69, 38, 54, 52, 175, 66, 20, 72, 47, 75, 32, 32, 82, 13, 58, 55, 7, 22, 67, 3, 41, 33, 64, 18, 100, 45, 15, 75, 26, 21, 28, 24, 20, 38, 43, 51, 51, 52, 35, 21, 81, 41, 49, 132, 135, 85, 89, 72, 153, 140, 45, 83, 107, 3, 28, 86, 46, 121, 118, 114, 120, 111, 22, 73, 113, 57, 137, 55, 120, 119, 86, 57, 61, 149, 102, 61, 121, 120, 63, 110, 109, 110, 115, 31, 108, 80, 38, 14, 108, 39, 29, 42, 130, 78, 185, 39, 107, 175, 96, 15, 94, 138, 74, 48, 97, 78, 143, 58, 102, 158, 88, 74, 94, 81, 147, 55, 123, 147, 98, 64, 33, 82, 50, 34, 99, 112, 134, 116, 118, 146, 92, 37, 75, 108, 103, 25, 99, 133, 40, 53, 108, 81, 67, 49, 94, 68, 63, 22, 100, 93, 73, 51, 72, 48, 132, 114, 58, 120, 82, 39, 27, 120, 152, 63, 61, 57, 39, 85, 71, 52, 133, 32, 112, 148, 202, 27, 128, 109, 75, 60, 80, 53, 91, 92, 110, 74, 56, 6, 128, 114, 52, 175, 371, 670, 1965, 3459, 2304, 2878, 2709, 1021, 2231, 961, 1098, 2147, 3071, 1943, 347, 1927, 1535, 322, 1476, 944, 1009, 1135, 856, 1646, 618, 721, 941, 407, 398, 271, 863, 948, 728, 1063, 769, 576, 493, 644, 821, 384, 628, 338, 1171, 1245, 537, 508, 878, 390, 130, 329, 1182, 1390, 522, 695, 721, 510, 612, 942, 1081, 797, 211, 357, 308, 269, 353, 702, 780, 1003, 991, 103, 812, 539, 426, 609, 90, 369, 312, 513, 304, 113, 154, 91, 243, 295, 602, 406, 104, 348, 279, 87, 109, 213, 461, 466, 252, 222, 456, 430, 455, 527, 229, 209, 302, 324, 194, 251, 424, 229, 441, 254, 260, 369, 287, 444, 208, 53, 244, 373, 68, 251, 289, 302, 328, 418, 537, 382, 143, 112, 337, 162, 96, 236, 287, 177, 143, 279, 144, 41, 44, 159, 274, 184, 106, 15, 103, 150, 90, 132, 237, 279, 248, 108, 119, 143, 55, 88, 81, 53, 181, 173, 68, 15, 58, 149, 182, 193, 145, 144, 135, 92, 101, 100, 116, 94, 100, 113, 68, 77, 107, 52, 127, 188, 189, 222, 136, 104, 74, 121, 105, 136, 144, 61, 260, 131, 22, 124, 55, 132, 98, 103, 44, 14, 111, 35, 92, 146, 127, 22, 61, 44, 45, 100, 80, 124, 23, 72, 90, 77, 85, 35, 108, 131, 140, 21, 29, 75, 43, 44, 148, 111, 77, 44, 134, 45, 74, 44, 120, 103, 49, 27, 84, 64, 54, 122, 61, 55, 23, 29, 64, 74, 82, 42, 66, 68, 94, 73, 114, 96, 103, 41, 119, 110, 50, 70, 142, 141, 71, 123]"
41.89348769187927,20,20,10,747.3900146484375,"[82, 149, 82, 62, 116, 180, 61, 113, 92, 82, 134, 42, 113, 85, 35, 47, 217, 60, 32, 95, 110, 19, 106, 55, 83, 85, 53, 84, 66, 66, 45, 188, 83, 93, 72, 74, 66, 47, 56, 171, 97, 95, 72, 76, 65, 54, 54, 174, 73, 91, 67, 69, 65, 46, 49, 204, 20, 185, 50, 102, 94, 72, 50, 39, 125, 22, 51, 57, 234, 193, 105, 152, 54, 174, 27, 56, 81, 72, 64, 96, 173, 45, 97, 46, 89, 92, 36, 73, 40, 34, 9, 59, 95, 147, 21, 116, 100, 41, 26, 97, 154, 62, 51, 118, 71, 41, 145, 48, 27, 70, 73, 47, 74, 28, 25, 107, 137, 113, 89, 76, 170, 108, 35, 4, 66, 14, 83, 131, 123, 38, 67, 38, 135, 136, 58, 45, 7, 44, 87, 118, 166, 91, 58, 114, 91, 50, 81, 50, 127, 77, 14, 18, 121, 94, 22, 87, 59, 59, 32, 61, 73, 103, 167, 47, 152, 84, 25, 61, 105, 170, 79, 93, 29, 156, 49, 109, 84, 111, 59, 54, 88, 85, 65, 51, 26, 21, 12, 54, 92, 73, 23, 79, 101, 110, 40, 65, 81, 161, 56, 58, 92, 168, 73, 84, 136, 32, 37, 127, 82, 198, 50, 123, 50, 79, 64, 77, 70, 141, 59, 107, 85, 92, 24, 63, 15, 203, 47, 41, 147, 35, 44, 87, 150, 103, 85, 159, 101, 137, 58, 117, 172, 94, 49, 101, 36, 72, 57, 159, 9, 211, 100, 61, 60, 24, 116, 38, 96, 97, 185, 23, 72, 207, 3, 4, 121, 68, 126, 73, 122, 76, 11, 139, 34, 131, 155, 102, 71, 100, 124, 175, 185, 142, 77, 99, 168, 120, 36, 58, 50, 179, 28, 132, 123, 80, 73, 25, 157, 109, 44, 135, 128, 45, 20, 78, 71, 62, 68, 107, 98, 82, 70, 69, 28, 101, 66, 52, 145, 142, 80, 92, 32, 81, 96, 57, 106, 41, 19, 99, 86, 116, 131, 52, 194, 107, 18, 59, 132, 124, 139, 18, 168, 255, 41, 74, 117, 151, 176, 93, 112, 140, 4, 123, 141, 77, 118, 46, 99, 103, 43, 198, 107, 85, 117, 58, 147, 109, 52, 44, 28, 103, 95, 76, 190, 209, 127, 129, 100, 36, 25, 17, 48, 107, 32, 104, 40, 109, 64, 88, 101, 63, 33, 126, 88, 33, 162, 150, 126, 190, 39, 63, 71, 38, 54, 58, 66, 40, 138, 92, 51, 23, 301, 148, 37, 55, 128, 82, 54, 160, 88, 69, 65, 48, 72, 138, 6, 42, 77, 80, 116, 50, 8, 35, 58, 156, 118, 18, 105, 133, 45, 110, 87, 67, 63, 48, 43, 76, 116, 113, 62, 144, 158, 88, 50, 77, 67, 61, 105, 35, 10, 132, 96, 55, 22, 132, 122, 80, 84, 78, 101, 90, 47, 114, 78, 27, 90, 40, 80, 137, 58, 22, 27, 47, 20, 87, 37, 70, 72, 28, 58, 89, 29, 122, 40, 119, 40, 6, 28, 48, 91, 83, 50, 139, 42, 78, 90, 54, 24, 81, 21, 121, 52, 42, 15, 63, 35, 75, 163, 98, 60, 49, 45, 71, 30, 54, 35, 34, 87, 60, 77, 50, 78, 35, 40, 89, 66, 141, 138, 100, 68, 62, 75, 29, 21, 217, 77, 102, 107, 54, 92, 81, 17, 148, 137, 92, 68, 33, 97, 56, 75, 16, 91, 210, 233, 52, 175, 169, 29, 131, 43, 170, 116, 123, 76, 87, 36, 92, 98, 19, 65, 65, 124, 110, 43, 70, 16, 111, 33, 25, 11, 38, 26, 62, 121, 37, 156, 67, 148, 163, 26, 22, 65, 71, 94, 143, 121, 33, 45, 116, 76, 73, 24, 9, 44, 90, 20, 74, 50, 105, 177, 70, 49, 66, 38, 33, 65, 131, 104, 95, 17, 115, 65, 18, 25, 72, 124, 58, 152, 133, 31, 123, 78, 75, 21, 15, 94, 150, 31, 154, 127, 67, 58, 31, 51, 31, 58, 57, 26, 82, 98, 12, 73, 102, 31, 111, 97, 39, 21, 137, 88, 22, 39, 67, 117, 123, 66, 46, 143, 130, 28, 69, 58, 67, 89, 106, 218, 40, 48, 71, 118, 22, 190, 66, 145, 101, 47, 77, 76, 178, 262, 36, 39, 45, 41, 59, 76, 72, 81, 105, 108, 284, 48, 141, 54, 65, 83, 91, 134, 122, 69, 105, 72, 152, 99, 131, 121, 21, 51, 46, 18, 109, 141, 59, 174, 87, 41, 31, 68, 14, 52, 59, 82, 158, 39, 110, 141, 82, 412, 1402, 4448, 4886, 1416, 6277, 6864, 1533, 4037, 4576, 852, 1448, 731, 563, 1667, 3357, 3135, 499, 1839, 2576, 757, 1471, 1480, 853, 1706, 1010, 1460, 1913, 253, 2350, 1182, 2122, 2429, 101, 1094, 1120, 605, 801, 1255, 911, 263, 708, 984, 457, 502, 712, 189, 917, 822, 185, 510, 148, 323, 651, 815, 534, 406, 317, 188, 149, 214, 454, 613, 470, 543, 530, 267, 741, 390, 99, 174, 160, 132, 108, 284, 401, 351, 281, 161, 438, 302, 388, 568, 497, 101, 199, 125, 232, 390, 366, 227, 81, 203, 313, 257, 77, 99, 357, 463, 196, 139, 224, 252, 15, 262, 260, 287, 190, 110, 153, 88, 283, 227, 142, 145, 94, 50, 68, 159, 91, 193, 110, 123, 88, 160, 225, 134, 76, 263, 124, 107, 152, 50, 133, 23, 198, 191, 22, 178, 110, 223, 317, 106, 162, 80, 92, 23, 181, 144, 235, 133, 145, 151, 137, 101, 83, 70, 141, 148, 282, 128, 61, 200, 269, 16, 50, 54, 120, 111, 66, 102, 239, 71, 86, 216, 123, 64, 148, 18, 37, 14, 88, 127, 67, 55, 15, 81, 61, 84, 155, 57, 131, 186, 30, 119, 171, 134, 37, 60, 181, 186, 26, 92, 47, 111, 56, 80, 97, 44, 133, 49, 78, 72, 53, 141, 92, 90, 188, 101, 217, 38, 46, 87, 177, 185, 80, 106, 196, 103, 110, 57, 81, 131, 98, 177, 123, 99, 131, 89, 88, 74, 128, 116, 70, 82, 171, 34, 158, 90, 125, 150, 151, 34, 112, 31, 151, 96, 134, 147, 155, 25, 119, 31, 76, 59, 93, 176, 196, 58, 150]"
42.988566398620605,21,21,10,745.218017578125,"[145, 110, 123, 68, 78, 202, 112, 36, 164, 147, 194, 71, 219, 111, 169, 133, 16, 40, 155, 85, 161, 140, 160, 79, 51, 52, 141, 23, 13, 70, 100, 66, 22, 76, 221, 40, 21, 51, 51, 130, 44, 31, 124, 10, 40, 47, 52, 86, 43, 62, 123, 9, 5, 91, 41, 57, 91, 40, 130, 35, 78, 51, 173, 22, 68, 78, 202, 96, 22, 138, 89, 139, 113, 44, 153, 56, 40, 124, 53, 75, 87, 75, 98, 92, 78, 95, 36, 46, 32, 52, 56, 70, 52, 62, 113, 68, 73, 113, 86, 154, 13, 129, 59, 58, 118, 137, 48, 69, 35, 105, 122, 59, 60, 221, 24, 83, 66, 68, 236, 53, 186, 184, 130, 264, 83, 174, 55, 121, 13, 31, 138, 63, 48, 149, 120, 21, 130, 86, 206, 82, 105, 168, 190, 101, 76, 91, 61, 46, 41, 120, 176, 55, 53, 77, 117, 26, 32, 82, 51, 46, 46, 180, 74, 163, 66, 148, 161, 30, 15, 109, 58, 125, 50, 158, 177, 85, 135, 87, 145, 74, 71, 49, 151, 87, 126, 184, 50, 46, 72, 103, 124, 77, 69, 92, 33, 91, 70, 28, 136, 75, 9, 57, 188, 87, 206, 139, 96, 50, 106, 171, 214, 49, 141, 236, 76, 51, 51, 21, 44, 86, 58, 263, 131, 59, 32, 171, 56, 127, 114, 102, 158, 172, 44, 199, 167, 74, 59, 136, 124, 45, 69, 243, 75, 112, 108, 188, 223, 79, 94, 62, 329, 111, 98, 132, 197, 168, 113, 173, 66, 102, 125, 228, 149, 76, 61, 197, 187, 94, 43, 170, 120, 40, 58, 97, 78, 63, 104, 166, 51, 117, 46, 228, 58, 66, 65, 70, 86, 106, 50, 76, 154, 49, 136, 104, 109, 36, 33, 81, 280, 41, 83, 68, 151, 54, 69, 116, 186, 95, 193, 124, 33, 96, 133, 78, 76, 29, 42, 92, 80, 55, 115, 50, 19, 71, 71, 36, 40, 115, 23, 124, 71, 150, 36, 79, 134, 84, 31, 93, 107, 98, 77, 70, 134, 66, 64, 124, 136, 32, 20, 156, 107, 47, 45, 129, 95, 44, 86, 67, 168, 119, 105, 128, 133, 39, 204, 155, 116, 34, 51, 69, 156, 47, 62, 74, 68, 105, 73, 113, 89, 36, 99, 114, 109, 78, 29, 157, 147, 143, 25, 170, 189, 63, 92, 136, 64, 106, 78, 180, 117, 56, 56, 108, 91, 86, 98, 121, 193, 93, 132, 48, 222, 10, 133, 136, 193, 54, 46, 133, 92, 88, 105, 62, 104, 44, 95, 68, 121, 48, 67, 81, 192, 53, 80, 72, 147, 16, 59, 49, 100, 72, 120, 153, 68, 49, 127, 128, 86, 6, 99, 275, 136, 64, 100, 54, 23, 88, 18, 164, 122, 62, 92, 130, 31, 84, 12, 11, 63, 74, 16, 87, 60, 46, 106, 85, 175, 82, 38, 88, 127, 61, 40, 145, 19, 114, 51, 140, 187, 78, 47, 82, 34, 68, 41, 107, 115, 124, 68, 98, 173, 60, 31, 134, 106, 54, 45, 49, 45, 73, 121, 80, 53, 55, 75, 143, 304, 81, 53, 98, 111, 103, 64, 95, 22, 119, 51, 84, 131, 72, 152, 96, 153, 4, 161, 327, 33, 24, 96, 84, 176, 60, 124, 114, 59, 61, 144, 74, 214, 84, 21, 93, 28, 102, 130, 73, 117, 49, 133, 15, 63, 34, 91, 121, 192, 25, 270, 144, 152, 68, 196, 43, 139, 43, 110, 118, 141, 44, 68, 53, 241, 69, 64, 41, 128, 45, 73, 160, 72, 38, 57, 133, 97, 24, 79, 98, 150, 130, 63, 41, 41, 120, 56, 92, 65, 57, 83, 110, 125, 111, 151, 78, 124, 65, 63, 105, 103, 52, 79, 128, 117, 79, 50, 123, 59, 30, 59, 85, 60, 30, 29, 148, 69, 34, 98, 42, 112, 134, 211, 60, 94, 72, 76, 66, 41, 36, 25, 43, 79, 55, 181, 37, 58, 71, 30, 79, 93, 29, 88, 98, 72, 101, 113, 143, 217, 92, 26, 242, 189, 172, 164, 176, 112, 31, 148, 131, 133, 67, 47, 148, 53, 109, 48, 113, 138, 119, 150, 71, 100, 102, 89, 240, 101, 82, 38, 159, 63, 66, 158, 114, 135, 22, 74, 187, 227, 64, 40, 45, 191, 56, 47, 127, 80, 123, 200, 129, 47, 75, 113, 100, 102, 111, 22, 138, 142, 60, 194, 98, 230, 91, 147, 155, 47, 81, 52, 65, 89, 36, 181, 39, 12, 82, 13, 163, 90, 54, 439, 2951, 7073, 7456, 958, 4472, 1392, 6361, 5858, 2801, 5128, 1776, 2234, 2783, 1722, 404, 1600, 2372, 2232, 1539, 490, 1813, 1808, 1185, 1005, 990, 482, 286, 125, 1017, 1067, 658, 497, 330, 179, 297, 137, 324, 522, 448, 542, 438, 247, 204, 264, 533, 127, 181, 295, 64, 90, 125, 233, 261, 427, 486, 394, 126, 204, 288, 167, 291, 150, 331, 253, 114, 268, 69, 112, 249, 188, 254, 328, 291, 194, 155, 173, 425, 174, 260, 31, 302, 283, 171, 124, 102, 35, 110, 367, 193, 100, 69, 148, 209, 176, 101, 357, 411, 151, 182, 142, 279, 436, 145, 103, 68, 122, 256, 128, 168, 88, 150, 191, 98, 184, 157, 172, 227, 161, 86, 42, 206, 104, 95, 112, 157, 184, 119, 136, 168, 257, 152, 215, 181, 136, 164, 150, 151, 150, 207, 138, 230, 99, 58, 151, 144, 189, 243, 197, 141, 37, 120, 21, 226, 132, 74, 185, 204, 58, 75, 198, 138, 120, 38, 21, 94, 205, 116, 115, 160, 65, 138, 53, 151, 124, 91, 82, 19, 81, 57, 41, 24, 61, 40, 90, 181, 254, 27, 178, 128, 143, 100, 71, 53, 127, 125, 10, 12, 300, 60, 29, 31, 133, 140, 47, 54, 156, 155, 57, 60, 39, 121, 107, 125, 99, 67, 158, 8, 174, 37, 129, 95, 53, 15, 44, 191, 169, 51, 144, 141, 224, 50, 145, 63, 152, 56, 13, 28, 116, 203, 74, 93, 11, 60, 74, 118, 99, 101, 141, 209, 61, 106, 30, 146, 82, 59, 125, 190, 35, 73, 84, 217, 55, 40, 72, 101, 52, 55, 57, 74, 123, 29]"
43.02553629875183,20,21,10,750.375,"[75, 50, 119, 99, 190, 25, 177, 39, 3, 81, 36, 33, 128, 100, 55, 107, 168, 123, 29, 60, 139, 233, 174, 107, 220, 119, 31, 162, 127, 171, 119, 102, 213, 121, 27, 160, 111, 176, 118, 108, 218, 115, 27, 158, 112, 171, 116, 106, 209, 108, 30, 159, 106, 170, 110, 102, 4, 102, 52, 47, 216, 239, 189, 39, 67, 168, 136, 69, 200, 174, 173, 92, 34, 46, 11, 80, 61, 142, 217, 35, 104, 189, 18, 92, 21, 161, 77, 45, 56, 13, 23, 57, 79, 108, 95, 49, 52, 67, 31, 55, 73, 243, 45, 116, 130, 138, 47, 71, 56, 83, 93, 51, 21, 70, 21, 106, 77, 187, 197, 71, 195, 47, 8, 70, 7, 299, 85, 116, 202, 273, 7, 46, 149, 125, 55, 18, 47, 69, 37, 27, 40, 119, 58, 18, 85, 32, 25, 112, 80, 171, 126, 88, 80, 79, 30, 41, 56, 136, 197, 127, 47, 99, 27, 33, 90, 96, 186, 55, 212, 222, 28, 33, 100, 149, 80, 49, 152, 133, 19, 38, 92, 128, 96, 88, 9, 50, 15, 126, 39, 212, 172, 54, 158, 85, 45, 20, 77, 124, 136, 29, 142, 154, 88, 133, 101, 340, 239, 45, 184, 184, 50, 51, 253, 101, 89, 92, 49, 80, 4, 167, 195, 136, 196, 112, 25, 107, 67, 67, 178, 167, 82, 66, 68, 49, 37, 149, 162, 248, 59, 38, 122, 234, 23, 57, 17, 81, 191, 82, 66, 63, 22, 39, 120, 159, 101, 35, 229, 133, 58, 42, 192, 237, 96, 113, 131, 109, 27, 224, 40, 137, 262, 61, 187, 288, 42, 136, 186, 232, 46, 191, 218, 174, 32, 74, 28, 193, 171, 39, 53, 29, 50, 161, 41, 126, 72, 36, 183, 81, 35, 198, 95, 72, 173, 34, 78, 64, 31, 39, 132, 201, 247, 87, 150, 155, 40, 38, 310, 180, 110, 2, 119, 13, 70, 50, 161, 134, 92, 94, 44, 85, 35, 54, 133, 258, 60, 87, 102, 82, 62, 60, 225, 375, 247, 54, 75, 170, 96, 166, 255, 235, 101, 15, 125, 159, 37, 144, 42, 104, 83, 18, 173, 107, 4, 37, 243, 62, 113, 18, 120, 271, 130, 108, 184, 278, 131, 44, 16, 25, 77, 87, 127, 92, 233, 26, 119, 65, 67, 121, 252, 184, 115, 65, 237, 301, 16, 256, 185, 314, 137, 35, 16, 48, 87, 59, 61, 203, 217, 71, 185, 115, 101, 202, 149, 320, 144, 25, 34, 77, 16, 183, 148, 246, 255, 108, 151, 179, 33, 26, 46, 14, 54, 51, 239, 185, 21, 122, 10, 163, 12, 152, 111, 187, 47, 129, 53, 107, 12, 38, 36, 67, 136, 37, 76, 146, 235, 62, 26, 108, 22, 48, 18, 206, 62, 73, 104, 186, 24, 64, 13, 147, 170, 10, 203, 138, 54, 151, 94, 153, 256, 100, 168, 106, 12, 195, 201, 113, 132, 31, 14, 187, 16, 21, 172, 111, 175, 97, 17, 35, 44, 84, 86, 78, 166, 34, 89, 174, 90, 44, 73, 209, 102, 26, 196, 136, 85, 144, 14, 82, 326, 37, 129, 330, 41, 41, 170, 254, 37, 54, 92, 46, 63, 97, 213, 210, 220, 20, 67, 47, 40, 67, 288, 52, 190, 17, 177, 21, 7, 39, 36, 194, 169, 46, 71, 145, 17, 79, 16, 88, 134, 34, 32, 46, 68, 66, 91, 211, 151, 55, 151, 56, 48, 24, 114, 69, 58, 25, 17, 27, 15, 47, 66, 65, 128, 98, 36, 61, 45, 49, 250, 124, 97, 37, 33, 68, 36, 154, 84, 136, 113, 113, 38, 88, 36, 58, 134, 107, 49, 109, 282, 267, 108, 39, 66, 175, 97, 27, 77, 4, 48, 59, 93, 84, 36, 14, 129, 160, 89, 40, 94, 57, 94, 121, 71, 75, 38, 39, 145, 134, 96, 129, 181, 170, 62, 111, 78, 115, 168, 21, 58, 98, 55, 110, 56, 143, 54, 9, 76, 27, 22, 54, 193, 73, 57, 29, 14, 31, 98, 107, 74, 80, 178, 79, 48, 293, 111, 183, 50, 258, 126, 82, 45, 119, 31, 66, 152, 298, 142, 32, 67, 82, 12, 95, 117, 128, 134, 115, 147, 96, 42, 29, 123, 174, 64, 92, 66, 182, 6, 10, 98, 182, 258, 31, 61, 36, 14, 67, 51, 122, 144, 48, 185, 166, 65, 118, 140, 227, 125, 35, 402, 391, 18, 170, 20, 96, 183, 139, 122, 133, 46, 154, 71, 363, 151, 118, 319, 308, 25, 277, 27, 583, 1802, 7511, 7310, 3621, 7917, 6754, 2017, 3816, 1145, 314, 1257, 985, 166, 655, 1047, 732, 378, 302, 1076, 1550, 210, 95, 281, 789, 207, 415, 1050, 312, 237, 496, 63, 849, 397, 146, 118, 194, 205, 146, 294, 521, 412, 171, 201, 449, 98, 162, 370, 353, 156, 3, 228, 269, 193, 293, 406, 414, 259, 115, 259, 217, 55, 185, 577, 482, 94, 115, 104, 113, 20, 83, 295, 261, 160, 119, 91, 271, 48, 192, 214, 198, 286, 52, 376, 214, 52, 127, 375, 424, 155, 31, 135, 302, 29, 130, 49, 335, 115, 102, 128, 55, 47, 60, 93, 188, 128, 94, 118, 42, 9, 108, 100, 215, 268, 166, 148, 68, 54, 91, 77, 81, 38, 55, 99, 198, 48, 56, 41, 182, 211, 57, 172, 113, 30, 215, 291, 129, 246, 80, 116, 117, 109, 190, 241, 59, 232, 131, 236, 129, 32, 107, 471, 207, 81, 83, 135, 289, 127, 135, 37, 62, 79, 69, 97, 158, 120, 84, 80, 176, 147, 61, 220, 153, 21, 97, 84, 154, 189, 105, 173, 95, 58, 80, 50, 203, 176, 9, 209, 238, 35, 34, 176, 214, 198, 98, 135, 320, 24, 74, 211, 186, 109, 92, 86, 104, 64, 47, 82, 188, 44, 52, 263, 142, 17, 102, 46, 82, 166, 140, 280, 106, 16, 202, 156, 181, 214, 19, 223, 111, 37, 95, 154, 116, 129, 91, 77, 21, 28, 104, 42, 135, 124, 13, 9, 20, 101, 100, 69, 128, 101, 76, 8, 29, 88, 105, 75, 129, 96, 66, 13, 152, 42, 39, 10, 275, 98, 30]"
51.18131375312805,21,30,10,745.0460205078125,"[53, 62, 110, 41, 101, 73, 51, 72, 98, 117, 75, 63, 118, 55, 70, 46, 64, 52, 132, 40, 27, 23, 55, 84, 126, 25, 89, 134, 77, 114, 83, 71, 101, 39, 93, 128, 77, 132, 85, 102, 99, 31, 88, 138, 79, 138, 78, 85, 107, 30, 87, 137, 78, 123, 88, 94, 149, 58, 62, 74, 89, 142, 44, 86, 73, 31, 75, 71, 85, 69, 27, 45, 77, 28, 47, 71, 116, 136, 78, 54, 21, 150, 123, 87, 47, 81, 30, 12, 116, 60, 120, 28, 60, 106, 61, 72, 119, 31, 91, 93, 96, 49, 88, 48, 37, 86, 45, 58, 125, 157, 230, 80, 153, 247, 92, 49, 119, 164, 83, 110, 83, 34, 64, 48, 134, 32, 91, 63, 144, 31, 116, 32, 94, 59, 76, 66, 103, 58, 26, 39, 86, 163, 43, 34, 67, 100, 56, 37, 89, 65, 64, 42, 111, 92, 86, 38, 77, 20, 112, 23, 54, 71, 43, 130, 104, 74, 118, 44, 22, 47, 39, 128, 74, 143, 26, 60, 47, 31, 32, 107, 127, 5, 23, 58, 32, 105, 84, 38, 65, 103, 70, 20, 52, 87, 50, 65, 86, 20, 70, 114, 152, 78, 19, 77, 139, 110, 58, 93, 63, 70, 87, 66, 101, 159, 48, 80, 21, 70, 67, 56, 83, 82, 65, 66, 36, 21, 93, 75, 96, 114, 83, 65, 58, 68, 89, 52, 41, 94, 53, 101, 67, 129, 61, 72, 80, 111, 42, 50, 59, 89, 87, 24, 130, 166, 86, 12, 31, 32, 73, 61, 46, 223, 36, 36, 102, 50, 50, 72, 64, 144, 105, 57, 47, 42, 95, 73, 51, 58, 28, 36, 86, 49, 48, 72, 41, 13, 154, 101, 59, 92, 53, 87, 53, 65, 45, 47, 102, 47, 90, 63, 63, 160, 136, 75, 70, 41, 57, 93, 47, 30, 50, 50, 53, 7, 82, 122, 10, 82, 91, 70, 41, 97, 81, 51, 80, 134, 58, 85, 81, 6, 64, 14, 120, 67, 68, 46, 75, 78, 29, 80, 86, 97, 77, 112, 74, 51, 75, 11, 126, 152, 55, 70, 53, 112, 94, 16, 240, 97, 112, 14, 18, 71, 92, 65, 101, 106, 72, 51, 89, 64, 104, 91, 60, 120, 71, 94, 8, 107, 109, 40, 121, 138, 136, 44, 34, 93, 132, 112, 130, 50, 70, 100, 35, 65, 100, 18, 61, 66, 79, 35, 25, 36, 13, 71, 24, 59, 69, 53, 127, 17, 90, 35, 27, 173, 43, 37, 93, 71, 38, 16, 95, 78, 145, 112, 98, 20, 28, 63, 71, 21, 83, 48, 129, 15, 59, 5, 56, 75, 70, 5, 97, 28, 82, 25, 98, 50, 101, 72, 65, 114, 97, 88, 88, 112, 115, 65, 13, 75, 20, 79, 49, 21, 75, 38, 38, 14, 79, 84, 53, 70, 107, 34, 69, 22, 79, 38, 19, 59, 61, 19, 44, 56, 99, 29, 24, 72, 99, 61, 74, 87, 85, 53, 76, 70, 79, 39, 38, 101, 120, 3, 87, 84, 101, 64, 107, 136, 86, 89, 75, 34, 71, 36, 9, 91, 62, 43, 64, 167, 138, 81, 23, 92, 90, 53, 53, 67, 47, 58, 31, 59, 82, 62, 8, 79, 41, 86, 141, 40, 37, 89, 71, 83, 35, 21, 46, 9, 58, 39, 86, 53, 34, 69, 75, 83, 127, 62, 72, 17, 3, 35, 96, 42, 33, 84, 78, 74, 42, 42, 102, 26, 56, 79, 26, 25, 96, 18, 43, 53, 45, 44, 48, 45, 34, 9, 49, 33, 45, 87, 16, 36, 49, 79, 43, 61, 9, 33, 74, 37, 54, 67, 56, 60, 22, 161, 52, 90, 13, 69, 127, 83, 15, 88, 78, 32, 28, 38, 111, 24, 54, 49, 167, 50, 188, 109, 95, 133, 10, 80, 40, 82, 32, 95, 137, 147, 63, 69, 67, 165, 106, 70, 117, 154, 49, 38, 60, 151, 59, 35, 137, 98, 31, 26, 78, 103, 61, 29, 33, 87, 67, 41, 66, 40, 63, 43, 73, 129, 51, 71, 103, 80, 114, 65, 92, 73, 52, 26, 120, 126, 93, 15, 144, 62, 11, 75, 105, 107, 59, 158, 53, 90, 16, 79, 146, 23, 91, 46, 65, 64, 112, 125, 43, 100, 108, 66, 120, 33, 164, 46, 95, 200, 119, 86, 85, 74, 43, 93, 106, 192, 83, 100, 19, 58, 67, 77, 32, 141, 83, 62, 97, 108, 22, 15, 21, 107, 160, 19, 34, 129, 50, 23, 46, 102, 85, 25, 550, 2404, 4371, 4612, 5037, 3198, 938, 2916, 1582, 941, 1058, 2828, 884, 2399, 1978, 745, 1805, 629, 1543, 635, 1797, 1882, 1198, 67, 2040, 2249, 838, 1324, 1543, 813, 861, 508, 748, 882, 589, 1085, 836, 667, 1510, 2079, 1153, 561, 1236, 1083, 475, 619, 696, 759, 960, 1051, 1300, 159, 759, 448, 1002, 235, 984, 1129, 723, 539, 815, 543, 288, 317, 634, 850, 857, 495, 126, 372, 330, 416, 758, 789, 392, 122, 45, 583, 536, 155, 170, 297, 414, 92, 344, 122, 239, 410, 332, 642, 932, 750, 241, 167, 130, 468, 322, 58, 117, 310, 365, 135, 73, 22, 149, 216, 212, 300, 268, 169, 174, 197, 162, 159, 351, 375, 183, 117, 99, 190, 246, 155, 118, 130, 142, 237, 242, 186, 283, 261, 295, 87, 262, 229, 116, 190, 240, 83, 196, 266, 246, 84, 207, 146, 143, 159, 112, 129, 41, 142, 180, 76, 107, 109, 145, 93, 111, 81, 37, 88, 187, 280, 99, 84, 112, 274, 226, 56, 102, 149, 135, 32, 118, 147, 138, 157, 189, 125, 246, 96, 147, 93, 62, 74, 51, 112, 8, 138, 75, 153, 218, 106, 74, 110, 75, 73, 64, 124, 58, 105, 28, 153, 95, 39, 47, 74, 104, 85, 10, 70, 93, 72, 113, 159, 57, 9, 86, 72, 66, 75, 41, 144, 132, 49, 132, 233, 128, 6, 88, 82, 46, 41, 156, 132, 125, 150, 95, 176, 64, 42, 88, 54, 90, 81, 54, 122, 146, 48, 169, 188, 34, 47, 83, 115, 95, 70, 131, 110, 40, 19, 119, 125, 25, 71, 98, 125, 83, 36, 42, 171, 116, 7]"
55.148974895477295,21,20,10,746.56201171875,"[60, 65, 79, 121, 57, 98, 79, 21, 28, 76, 52, 270, 21, 108, 18, 17, 26, 44, 45, 22, 63, 19, 127, 17, 57, 149, 18, 186, 44, 38, 43, 10, 24, 111, 136, 241, 68, 159, 53, 35, 42, 93, 84, 21, 23, 79, 67, 24, 37, 99, 23, 164, 28, 49, 84, 32, 17, 84, 80, 90, 67, 44, 49, 105, 51, 79, 125, 155, 38, 104, 91, 26, 90, 111, 33, 59, 13, 83, 42, 29, 55, 155, 53, 113, 35, 41, 44, 13, 25, 69, 41, 53, 4, 68, 80, 21, 40, 25, 63, 133, 76, 57, 64, 67, 19, 99, 59, 206, 49, 129, 117, 21, 31, 47, 92, 93, 57, 86, 89, 65, 49, 76, 45, 158, 33, 35, 64, 25, 25, 80, 30, 119, 63, 59, 94, 35, 47, 26, 59, 184, 56, 10, 20, 2, 74, 44, 68, 123, 31, 2, 27, 96, 49, 78, 45, 22, 29, 7, 36, 18, 10, 72, 114, 51, 12, 48, 36, 48, 19, 81, 22, 117, 78, 96, 179, 23, 33, 47, 17, 104, 58, 110, 29, 14, 89, 56, 54, 134, 68, 83, 81, 72, 18, 34, 32, 146, 45, 16, 10, 14, 58, 76, 10, 108, 28, 120, 77, 30, 20, 120, 8, 193, 12, 106, 28, 9, 42, 23, 94, 133, 60, 78, 112, 61, 39, 95, 51, 122, 116, 98, 129, 32, 25, 64, 69, 167, 71, 149, 140, 53, 82, 215, 86, 57, 28, 11, 42, 7, 18, 93, 52, 71, 20, 63, 42, 43, 82, 96, 31, 288, 90, 105, 187, 52, 70, 89, 115, 165, 70, 91, 90, 38, 30, 36, 59, 237, 138, 113, 224, 28, 47, 89, 68, 133, 83, 29, 106, 44, 85, 113, 79, 209, 33, 86, 47, 11, 18, 103, 103, 74, 49, 37, 51, 22, 10, 42, 30, 75, 80, 135, 81, 22, 34, 99, 65, 213, 80, 159, 128, 21, 79, 89, 48, 49, 51, 41, 68, 8, 34, 27, 58, 78, 16, 29, 105, 31, 37, 59, 88, 74, 35, 90, 25, 64, 42, 75, 20, 43, 42, 65, 60, 37, 43, 40, 27, 179, 31, 39, 63, 38, 41, 97, 51, 159, 72, 117, 140, 43, 24, 98, 31, 138, 48, 52, 137, 16, 33, 56, 25, 173, 59, 78, 52, 3, 92, 73, 56, 179, 50, 87, 26, 54, 23, 74, 52, 90, 59, 91, 42, 47, 50, 59, 119, 132, 11, 42, 51, 26, 59, 128, 52, 83, 29, 40, 25, 21, 49, 35, 67, 127, 29, 29, 33, 9, 16, 56, 21, 150, 38, 41, 108, 38, 46, 101, 21, 223, 45, 39, 87, 43, 37, 96, 35, 16, 24, 95, 89, 18, 27, 131, 90, 27, 33, 16, 59, 13, 62, 26, 88, 109, 27, 56, 43, 66, 31, 64, 50, 73, 35, 61, 68, 41, 10, 26, 79, 165, 16, 105, 11, 29, 28, 61, 13, 125, 75, 74, 140, 63, 44, 78, 53, 120, 69, 75, 123, 40, 38, 80, 132, 130, 57, 25, 83, 17, 56, 58, 27, 157, 104, 150, 129, 30, 52, 96, 87, 83, 16, 2, 59, 24, 32, 101, 79, 137, 46, 122, 26, 13, 70, 49, 58, 49, 33, 15, 95, 51, 27, 118, 165, 146, 21, 49, 45, 32, 86, 78, 95, 106, 21, 108, 93, 17, 68, 189, 33, 165, 74, 51, 184, 30, 34, 67, 47, 139, 44, 37, 25, 21, 72, 162, 65, 29, 15, 31, 31, 21, 23, 34, 22, 135, 42, 18, 63, 79, 70, 49, 18, 146, 58, 71, 33, 13, 53, 53, 13, 31, 46, 63, 46, 9, 38, 40, 41, 185, 86, 71, 76, 84, 16, 71, 38, 64, 20, 56, 73, 31, 25, 27, 63, 111, 113, 50, 179, 6, 14, 37, 107, 47, 39, 102, 129, 39, 39, 38, 57, 209, 60, 19, 57, 30, 36, 41, 49, 53, 18, 79, 80, 18, 30, 18, 68, 119, 51, 70, 80, 54, 32, 66, 44, 90, 25, 76, 88, 44, 27, 34, 26, 64, 18, 74, 50, 38, 49, 40, 24, 133, 55, 118, 181, 20, 83, 46, 51, 138, 61, 37, 102, 31, 50, 29, 110, 108, 24, 50, 53, 33, 46, 97, 26, 58, 36, 78, 42, 24, 21, 52, 94, 149, 85, 97, 227, 40, 87, 86, 135, 17, 20, 38, 76, 30, 51, 110, 20, 142, 91, 159, 54, 62, 83, 32, 75, 137, 37, 84, 101, 115, 48, 149, 59, 232, 123, 53, 149, 45, 33, 87, 844, 5909, 7334, 5490, 7362, 7097, 1148, 5151, 449, 1883, 303, 396, 403, 185, 233, 864, 168, 366, 166, 46, 75, 226, 173, 236, 212, 525, 230, 298, 373, 183, 118, 95, 151, 154, 174, 224, 213, 31, 31, 36, 60, 171, 98, 99, 359, 242, 73, 124, 131, 384, 50, 99, 98, 62, 144, 158, 149, 425, 90, 228, 129, 17, 100, 243, 103, 73, 26, 78, 131, 19, 54, 51, 54, 137, 38, 290, 264, 28, 77, 99, 93, 374, 114, 122, 179, 90, 151, 113, 62, 132, 17, 24, 107, 44, 52, 104, 73, 218, 96, 87, 107, 19, 107, 139, 76, 100, 63, 56, 28, 15, 85, 77, 115, 73, 34, 115, 213, 44, 49, 38, 20, 84, 46, 26, 19, 41, 15, 22, 86, 68, 26, 121, 59, 16, 39, 14, 14, 122, 45, 151, 135, 25, 36, 30, 67, 1, 35, 114, 83, 16, 37, 104, 57, 266, 71, 157, 150, 25, 31, 23, 110, 79, 84, 59, 156, 14, 58, 72, 53, 123, 72, 36, 68, 30, 69, 130, 119, 132, 55, 74, 59, 36, 37, 99, 47, 242, 90, 92, 226, 18, 71, 120, 83, 161, 67, 27, 32, 26, 14, 113, 97, 154, 30, 99, 85, 31, 43, 7, 45, 83, 24, 63, 58, 73, 13, 109, 57, 317, 56, 142, 62, 25, 39, 33, 49, 117, 58, 45, 105, 46, 49, 92, 50, 203, 61, 14, 121, 30, 76, 48, 48, 49, 1, 49, 34, 13, 31, 25, 46, 102, 26, 19, 36, 81, 27, 84, 49, 66, 20, 14, 28, 47, 37, 79, 84, 112, 59, 56, 21, 47]"
55.27562499046326,20,20,10,742.531005859375,"[125, 107, 141, 126, 24, 88, 83, 37, 94, 132, 96, 106, 60, 106, 35, 14, 125, 93, 141, 78, 64, 76, 65, 42, 86, 68, 103, 24, 47, 129, 45, 35, 81, 47, 88, 6, 32, 144, 86, 47, 91, 53, 89, 8, 32, 146, 92, 46, 120, 104, 93, 54, 29, 139, 76, 31, 88, 54, 70, 32, 111, 65, 21, 62, 90, 43, 101, 89, 7, 109, 73, 67, 92, 77, 45, 36, 23, 44, 58, 42, 28, 94, 77, 97, 65, 106, 128, 56, 112, 91, 100, 27, 30, 90, 32, 65, 52, 56, 48, 11, 160, 78, 60, 83, 94, 108, 26, 78, 14, 94, 52, 18, 70, 63, 51, 90, 47, 100, 112, 99, 7, 45, 75, 26, 24, 48, 12, 94, 116, 175, 96, 13, 100, 81, 58, 37, 134, 127, 147, 51, 55, 50, 147, 42, 78, 39, 142, 96, 69, 92, 45, 95, 33, 19, 21, 37, 37, 2, 34, 66, 81, 114, 119, 32, 62, 37, 54, 24, 79, 29, 75, 85, 51, 38, 52, 111, 142, 126, 99, 43, 45, 57, 64, 90, 101, 125, 117, 66, 91, 139, 67, 86, 97, 47, 71, 46, 74, 82, 58, 66, 70, 82, 146, 53, 56, 11, 88, 20, 55, 71, 67, 52, 66, 33, 21, 22, 71, 84, 89, 65, 64, 31, 4, 49, 61, 35, 14, 55, 57, 38, 48, 114, 48, 88, 38, 29, 24, 86, 24, 70, 16, 21, 19, 63, 27, 65, 34, 68, 56, 85, 95, 82, 98, 48, 46, 61, 57, 74, 66, 31, 84, 104, 55, 51, 7, 25, 46, 22, 43, 80, 77, 68, 66, 64, 16, 26, 46, 38, 24, 37, 13, 66, 66, 38, 85, 72, 43, 53, 19, 18, 81, 46, 54, 56, 101, 51, 46, 22, 31, 5, 35, 51, 39, 25, 55, 88, 71, 81, 66, 21, 50, 69, 104, 39, 91, 22, 102, 78, 43, 143, 52, 40, 91, 78, 33, 94, 40, 63, 87, 68, 39, 63, 53, 59, 62, 55, 82, 17, 135, 39, 168, 95, 15, 58, 87, 40, 46, 28, 117, 66, 55, 53, 15, 89, 61, 61, 53, 28, 57, 68, 60, 27, 31, 11, 55, 34, 59, 74, 24, 79, 96, 73, 22, 14, 25, 92, 94, 28, 46, 60, 20, 34, 53, 117, 35, 23, 61, 33, 81, 55, 20, 100, 87, 66, 14, 66, 45, 50, 99, 66, 27, 71, 116, 99, 106, 42, 68, 83, 66, 98, 64, 66, 65, 50, 31, 46, 64, 41, 49, 84, 103, 66, 54, 31, 67, 106, 116, 54, 44, 42, 42, 90, 29, 39, 77, 55, 67, 77, 65, 96, 31, 63, 47, 73, 70, 23, 80, 69, 88, 43, 59, 87, 66, 32, 63, 124, 78, 66, 51, 61, 84, 46, 17, 82, 76, 95, 151, 5, 123, 44, 32, 49, 35, 64, 71, 41, 73, 31, 13, 50, 54, 42, 28, 45, 41, 75, 80, 27, 49, 63, 39, 82, 47, 65, 54, 117, 116, 72, 98, 22, 29, 44, 62, 63, 75, 24, 52, 40, 45, 63, 31, 45, 83, 103, 99, 57, 36, 49, 78, 135, 132, 74, 43, 83, 23, 59, 39, 92, 57, 99, 135, 88, 59, 28, 23, 103, 111, 54, 105, 22, 143, 16, 42, 74, 46, 42, 36, 96, 80, 56, 69, 74, 70, 56, 10, 6, 57, 122, 126, 48, 73, 60, 25, 45, 85, 27, 20, 94, 62, 21, 103, 49, 68, 9, 37, 27, 29, 21, 74, 46, 3, 47, 14, 29, 19, 55, 87, 42, 38, 52, 69, 69, 22, 60, 108, 60, 33, 72, 29, 15, 45, 32, 94, 80, 26, 44, 36, 29, 35, 61, 94, 90, 122, 73, 71, 69, 146, 84, 67, 82, 16, 115, 67, 66, 100, 132, 84, 60, 114, 108, 53, 107, 105, 92, 79, 83, 35, 87, 76, 53, 52, 108, 109, 84, 91, 92, 44, 54, 60, 79, 92, 37, 108, 130, 110, 79, 68, 103, 88, 78, 83, 102, 91, 28, 89, 123, 130, 63, 146, 140, 105, 91, 73, 71, 55, 32, 99, 5, 9, 32, 89, 68, 43, 73, 88, 79, 55, 176, 146, 130, 86, 26, 112, 150, 57, 53, 80, 112, 53, 55, 42, 100, 62, 33, 120, 107, 86, 40, 134, 54, 87, 33, 59, 114, 50, 47, 74, 121, 77, 92, 89, 119, 52, 68, 101, 95, 35, 64, 67, 58, 82, 15, 46, 111, 32, 26, 91, 113, 53, 15, 29, 63, 235, 425, 608, 899, 3068, 4009, 1923, 1757, 549, 3317, 3537, 927, 1843, 2145, 2103, 1388, 692, 2348, 2136, 1126, 1634, 1115, 1228, 2672, 2060, 1775, 957, 1725, 2575, 499, 1552, 1301, 737, 1484, 1174, 449, 989, 946, 1246, 364, 752, 798, 301, 859, 1569, 1577, 1217, 1132, 313, 546, 472, 345, 622, 705, 394, 462, 1300, 1354, 673, 428, 829, 1268, 1216, 196, 660, 247, 922, 833, 251, 843, 580, 297, 780, 710, 177, 459, 457, 322, 728, 732, 288, 39, 398, 493, 419, 125, 263, 374, 287, 309, 277, 58, 107, 418, 635, 525, 274, 87, 129, 122, 71, 41, 152, 212, 171, 204, 159, 296, 296, 156, 253, 464, 346, 96, 380, 179, 237, 188, 104, 77, 155, 252, 448, 399, 126, 161, 128, 46, 276, 354, 353, 260, 148, 90, 26, 131, 137, 75, 116, 258, 262, 80, 223, 196, 253, 227, 207, 136, 134, 73, 87, 69, 158, 174, 76, 142, 233, 46, 219, 318, 183, 85, 95, 80, 145, 118, 131, 75, 86, 93, 33, 127, 159, 43, 47, 119, 40, 229, 190, 97, 94, 69, 34, 84, 137, 80, 115, 119, 75, 20, 66, 140, 110, 57, 78, 122, 92, 32, 84, 73, 52, 115, 91, 138, 123, 177, 148, 109, 73, 93, 81, 106, 17, 79, 87, 62, 77, 126, 138, 135, 43, 52, 56, 109, 115, 78, 79, 47, 69, 49, 82, 105, 86, 78, 78, 88, 118, 86, 119, 111, 72, 55, 88, 116, 27, 86, 77, 171, 112, 73, 111, 82, 77, 102, 67, 67, 51, 68, 147, 64, 38, 31, 45, 95, 150, 73, 66, 40, 51, 55, 21, 107, 125, 28]"
56.83281445503235,20,21,10,745.4530029296875,"[159, 135, 77, 18, 180, 54, 11, 46, 219, 38, 54, 41, 54, 19, 34, 85, 121, 17, 176, 37, 62, 20, 31, 116, 272, 141, 158, 50, 70, 57, 23, 70, 229, 106, 273, 20, 59, 136, 10, 62, 59, 173, 62, 49, 104, 59, 10, 40, 43, 74, 286, 32, 208, 42, 13, 100, 154, 194, 127, 108, 127, 83, 33, 95, 244, 299, 282, 20, 142, 65, 23, 91, 37, 39, 213, 23, 69, 46, 9, 6, 69, 103, 53, 17, 55, 76, 44, 75, 75, 18, 32, 38, 139, 130, 46, 47, 33, 73, 38, 95, 207, 41, 47, 43, 117, 321, 66, 47, 34, 90, 7, 36, 76, 5, 99, 77, 78, 68, 24, 86, 132, 45, 112, 18, 57, 34, 32, 86, 196, 133, 48, 48, 93, 18, 21, 42, 181, 198, 231, 18, 126, 106, 9, 84, 43, 88, 50, 19, 56, 77, 27, 3, 163, 210, 83, 30, 99, 67, 60, 10, 150, 245, 179, 52, 95, 49, 24, 67, 62, 67, 108, 50, 118, 170, 68, 46, 20, 207, 103, 21, 170, 27, 5, 64, 193, 70, 60, 26, 56, 58, 41, 58, 124, 280, 65, 81, 179, 118, 34, 40, 43, 110, 302, 55, 54, 22, 39, 49, 349, 58, 144, 58, 67, 7, 11, 26, 173, 56, 282, 57, 92, 31, 48, 53, 244, 94, 152, 6, 54, 100, 56, 112, 199, 138, 76, 22, 83, 70, 56, 98, 49, 13, 142, 23, 12, 28, 25, 5, 65, 104, 231, 45, 44, 37, 59, 21, 46, 94, 169, 15, 56, 125, 21, 34, 99, 218, 186, 43, 90, 46, 47, 66, 131, 47, 125, 62, 60, 94, 20, 15, 67, 279, 196, 20, 136, 123, 7, 39, 140, 65, 172, 41, 133, 145, 23, 37, 24, 76, 312, 13, 80, 11, 52, 39, 172, 24, 112, 23, 90, 59, 52, 132, 416, 95, 201, 4, 145, 163, 30, 62, 76, 237, 45, 41, 82, 56, 45, 36, 146, 53, 85, 31, 63, 26, 42, 63, 116, 138, 279, 83, 134, 55, 32, 20, 108, 95, 83, 53, 95, 58, 17, 2, 19, 49, 187, 19, 72, 111, 54, 85, 202, 128, 15, 61, 113, 18, 111, 93, 165, 169, 79, 52, 107, 183, 70, 28, 112, 88, 201, 40, 148, 95, 24, 73, 69, 383, 227, 34, 124, 29, 58, 93, 278, 122, 53, 37, 108, 68, 50, 26, 78, 72, 167, 33, 24, 116, 34, 15, 63, 209, 319, 21, 43, 17, 106, 49, 121, 33, 78, 42, 211, 27, 18, 47, 50, 76, 105, 61, 5, 87, 20, 16, 113, 248, 236, 40, 178, 139, 56, 49, 18, 200, 107, 36, 64, 70, 20, 31, 108, 56, 51, 15, 168, 6, 7, 80, 49, 105, 167, 18, 155, 19, 19, 14, 91, 118, 70, 13, 51, 116, 19, 42, 68, 217, 316, 83, 235, 48, 20, 127, 131, 37, 64, 17, 53, 109, 74, 39, 137, 87, 178, 46, 151, 71, 11, 78, 165, 43, 195, 60, 54, 13, 70, 46, 56, 101, 61, 31, 95, 79, 72, 104, 55, 18, 219, 45, 18, 63, 38, 23, 224, 108, 40, 60, 180, 85, 57, 94, 141, 201, 236, 54, 91, 55, 75, 64, 215, 21, 308, 56, 294, 121, 54, 57, 182, 32, 230, 43, 190, 170, 4, 16, 21, 107, 147, 26, 35, 118, 87, 64, 93, 30, 211, 40, 156, 14, 55, 23, 121, 42, 47, 39, 61, 17, 45, 20, 56, 44, 106, 25, 71, 158, 75, 46, 107, 16, 55, 21, 100, 47, 47, 72, 84, 81, 86, 58, 60, 11, 18, 70, 136, 21, 136, 16, 191, 48, 104, 15, 196, 273, 26, 13, 89, 36, 30, 9, 87, 22, 84, 24, 67, 93, 11, 36, 98, 23, 27, 31, 140, 52, 8, 109, 81, 174, 35, 69, 95, 27, 35, 4, 22, 214, 111, 3, 111, 39, 16, 35, 73, 13, 76, 77, 28, 84, 45, 48, 81, 115, 44, 1, 35, 10, 22, 28, 109, 234, 191, 46, 258, 81, 55, 72, 17, 92, 164, 10, 12, 64, 63, 9, 113, 145, 55, 61, 79, 13, 65, 24, 285, 31, 210, 55, 28, 29, 48, 77, 146, 114, 119, 20, 165, 82, 25, 78, 4, 89, 181, 35, 222, 163, 35, 52, 78, 24, 167, 27, 35, 67, 58, 27, 213, 70, 52, 10, 109, 55, 19, 10, 102, 250, 258, 90, 246, 70, 8, 66, 29, 162, 85, 35, 110, 72, 12, 124, 147, 1219, 7453, 8097, 4261, 7659, 7923, 2436, 2485, 1823, 1914, 222, 332, 366, 392, 351, 960, 215, 448, 118, 621, 255, 40, 219, 694, 823, 47, 535, 572, 283, 129, 326, 60, 188, 61, 45, 395, 318, 100, 79, 263, 115, 577, 268, 195, 211, 302, 93, 407, 133, 216, 71, 428, 268, 209, 157, 265, 332, 268, 70, 317, 190, 101, 290, 321, 111, 277, 150, 143, 64, 93, 136, 320, 44, 467, 43, 3, 89, 146, 43, 248, 196, 104, 105, 211, 141, 12, 146, 217, 175, 181, 24, 215, 132, 51, 33, 55, 31, 297, 4, 73, 53, 67, 74, 193, 103, 154, 59, 104, 29, 82, 55, 56, 196, 196, 56, 233, 148, 51, 79, 210, 59, 96, 27, 95, 24, 20, 32, 129, 36, 262, 29, 202, 30, 91, 58, 240, 18, 294, 50, 108, 48, 38, 57, 430, 11, 226, 24, 208, 108, 70, 79, 398, 41, 213, 30, 216, 9, 27, 50, 26, 77, 221, 48, 61, 13, 94, 41, 78, 66, 174, 102, 138, 98, 40, 42, 228, 157, 88, 48, 63, 17, 32, 39, 100, 35, 111, 51, 90, 107, 32, 49, 94, 60, 135, 3, 102, 10, 28, 156, 158, 182, 157, 67, 61, 106, 18, 53, 156, 28, 120, 4, 29, 60, 48, 39, 97, 148, 145, 53, 127, 15, 95, 80, 70, 65, 246, 58, 144, 90, 4, 28, 187, 130, 258, 36, 186, 80, 36, 5, 58, 55, 96, 21, 47, 17, 20, 42, 96, 6, 142, 74, 134, 56, 70, 88, 146, 167, 33, 41, 92, 66, 64, 44, 130, 245, 64, 3, 93, 42, 24, 59]"
68.59306812286377,21,30,10,747.2340087890625,"[69, 72, 81, 62, 137, 75, 114, 36, 124, 97, 54, 46, 132, 196, 66, 60, 73, 180, 121, 36, 113, 91, 187, 44, 152, 18, 104, 52, 210, 183, 15, 66, 150, 9, 108, 61, 211, 184, 22, 69, 146, 7, 109, 70, 215, 180, 23, 71, 155, 11, 112, 49, 206, 187, 25, 73, 82, 77, 63, 43, 183, 115, 27, 40, 49, 49, 42, 136, 164, 38, 154, 75, 127, 89, 83, 29, 92, 86, 29, 26, 53, 81, 78, 62, 180, 54, 68, 46, 83, 24, 53, 91, 82, 156, 111, 51, 113, 34, 71, 71, 116, 49, 105, 43, 132, 45, 80, 119, 74, 115, 111, 25, 23, 76, 111, 51, 119, 167, 83, 77, 75, 75, 44, 99, 81, 60, 87, 97, 49, 33, 118, 52, 109, 128, 20, 49, 128, 23, 77, 43, 74, 85, 36, 72, 105, 85, 83, 100, 162, 62, 48, 33, 64, 32, 82, 47, 132, 64, 109, 44, 47, 47, 56, 27, 96, 149, 31, 41, 48, 34, 72, 42, 40, 93, 82, 65, 48, 45, 11, 41, 49, 74, 139, 58, 99, 24, 17, 51, 132, 51, 104, 32, 80, 54, 37, 135, 141, 80, 204, 12, 26, 22, 74, 60, 57, 35, 22, 52, 67, 56, 46, 102, 15, 126, 53, 37, 82, 39, 40, 35, 92, 172, 63, 58, 51, 56, 56, 30, 41, 76, 173, 43, 34, 55, 38, 68, 126, 132, 84, 96, 119, 110, 68, 135, 82, 136, 85, 80, 103, 48, 59, 33, 77, 61, 101, 69, 76, 22, 73, 45, 129, 169, 29, 68, 50, 17, 47, 30, 113, 78, 124, 11, 56, 13, 44, 59, 97, 171, 164, 97, 78, 123, 91, 68, 93, 106, 27, 50, 49, 46, 78, 60, 128, 107, 120, 27, 75, 18, 69, 77, 54, 171, 172, 34, 81, 107, 51, 77, 32, 76, 119, 110, 85, 31, 36, 52, 84, 77, 84, 86, 87, 48, 91, 36, 131, 111, 74, 93, 69, 68, 31, 50, 68, 91, 59, 86, 79, 69, 70, 68, 45, 58, 77, 32, 28, 104, 15, 23, 38, 99, 80, 50, 57, 36, 92, 75, 74, 32, 64, 108, 78, 61, 38, 66, 164, 128, 46, 20, 39, 45, 62, 38, 44, 113, 121, 30, 78, 69, 80, 45, 19, 69, 192, 14, 95, 15, 51, 33, 22, 116, 197, 136, 79, 49, 57, 87, 63, 59, 57, 45, 35, 85, 78, 62, 67, 117, 79, 43, 28, 35, 58, 100, 72, 117, 117, 13, 80, 75, 108, 34, 23, 63, 87, 78, 53, 45, 45, 43, 80, 122, 153, 67, 45, 100, 51, 90, 144, 72, 102, 63, 109, 54, 38, 107, 16, 32, 175, 65, 165, 78, 44, 49, 96, 111, 96, 56, 60, 21, 53, 27, 73, 128, 119, 54, 83, 58, 94, 34, 49, 32, 62, 75, 18, 13, 19, 114, 27, 124, 100, 71, 28, 62, 26, 3, 26, 106, 113, 6, 62, 29, 40, 49, 60, 99, 92, 32, 54, 45, 69, 83, 7, 113, 83, 21, 18, 32, 41, 23, 93, 34, 137, 86, 34, 112, 58, 36, 146, 55, 157, 27, 52, 33, 139, 43, 43, 53, 28, 68, 34, 101, 61, 70, 51, 78, 40, 74, 33, 52, 51, 81, 74, 106, 100, 68, 60, 24, 37, 47, 80, 135, 63, 52, 68, 48, 48, 109, 169, 63, 96, 93, 39, 31, 98, 13, 61, 18, 18, 39, 59, 44, 73, 53, 17, 95, 94, 51, 66, 30, 24, 17, 51, 47, 86, 43, 95, 44, 53, 61, 130, 91, 121, 80, 63, 64, 44, 65, 23, 61, 116, 64, 36, 26, 21, 86, 249, 86, 112, 68, 26, 23, 27, 33, 80, 144, 108, 4, 52, 27, 75, 34, 142, 47, 85, 13, 60, 85, 63, 55, 115, 115, 51, 62, 60, 22, 57, 31, 122, 142, 146, 36, 123, 95, 70, 134, 130, 107, 81, 47, 52, 49, 17, 69, 86, 85, 73, 28, 56, 13, 24, 55, 99, 21, 46, 44, 100, 108, 44, 87, 106, 148, 121, 68, 81, 69, 90, 59, 162, 75, 81, 14, 83, 77, 98, 28, 44, 110, 62, 39, 86, 79, 63, 30, 50, 124, 155, 59, 160, 67, 26, 16, 103, 155, 40, 45, 75, 24, 56, 37, 89, 100, 83, 40, 77, 34, 76, 34, 114, 37, 9, 12, 42, 74, 60, 29, 43, 137, 78, 37, 28, 48, 3, 75, 40, 44, 136, 94, 29, 33, 39, 64, 143, 97, 51, 44, 74, 36, 296, 1591, 4226, 3894, 1341, 7391, 7004, 1007, 3961, 1862, 1537, 925, 1104, 172, 1712, 1390, 1900, 1359, 593, 1440, 1955, 1452, 216, 551, 979, 1097, 282, 1439, 1002, 1323, 406, 781, 993, 643, 1339, 1789, 916, 257, 786, 603, 183, 456, 431, 422, 662, 418, 319, 356, 562, 145, 559, 455, 666, 861, 211, 622, 1255, 813, 350, 559, 760, 606, 276, 165, 369, 275, 149, 438, 292, 205, 658, 360, 529, 413, 301, 135, 338, 475, 387, 629, 325, 337, 335, 472, 640, 661, 429, 109, 422, 180, 147, 37, 266, 370, 80, 274, 408, 370, 456, 384, 254, 276, 527, 85, 402, 280, 332, 277, 341, 622, 522, 433, 576, 324, 137, 382, 197, 121, 160, 193, 178, 18, 75, 218, 202, 97, 298, 298, 299, 246, 270, 178, 90, 81, 191, 144, 97, 58, 153, 172, 112, 123, 170, 154, 202, 102, 94, 91, 164, 119, 41, 138, 116, 104, 253, 307, 217, 33, 57, 41, 128, 131, 154, 80, 170, 85, 59, 47, 67, 122, 102, 161, 212, 69, 28, 78, 64, 137, 265, 265, 171, 45, 27, 41, 48, 71, 37, 148, 188, 193, 148, 78, 39, 28, 61, 83, 169, 121, 163, 66, 120, 219, 163, 110, 14, 26, 97, 68, 91, 64, 77, 66, 98, 16, 96, 147, 82, 23, 148, 128, 153, 65, 117, 119, 66, 77, 82, 139, 109, 2, 177, 76, 47, 43, 69, 25, 76, 14, 99, 38, 122, 31, 111, 67, 103, 48, 94, 75, 103, 21, 74, 146, 153, 30, 54, 42, 24, 48, 117, 47, 74, 52, 77, 58, 64, 21, 66, 181, 155, 59]"
68.7163462638855,20,30,10,749.2340087890625,"[80, 59, 123, 69, 33, 118, 26, 87, 69, 49, 191, 157, 97, 182, 88, 77, 141, 152, 236, 139, 17, 81, 60, 31, 32, 149, 49, 188, 110, 89, 77, 156, 35, 234, 160, 155, 113, 21, 125, 116, 91, 181, 96, 113, 125, 72, 93, 176, 75, 73, 50, 41, 63, 41, 20, 41, 44, 117, 98, 228, 121, 42, 74, 154, 19, 116, 165, 51, 51, 110, 64, 62, 93, 205, 128, 262, 200, 33, 101, 171, 32, 58, 144, 73, 13, 13, 62, 39, 9, 184, 24, 53, 39, 41, 109, 54, 63, 101, 77, 57, 43, 61, 77, 60, 105, 156, 199, 79, 113, 171, 141, 50, 88, 50, 157, 56, 88, 50, 122, 129, 43, 41, 69, 223, 41, 99, 116, 55, 130, 174, 137, 76, 86, 15, 11, 41, 133, 103, 48, 78, 27, 82, 99, 93, 119, 68, 41, 106, 109, 82, 72, 162, 68, 90, 179, 117, 98, 24, 42, 125, 78, 94, 47, 87, 65, 111, 221, 185, 74, 136, 149, 140, 17, 54, 76, 109, 41, 20, 114, 80, 24, 153, 109, 104, 123, 41, 96, 177, 6, 75, 92, 57, 16, 127, 99, 17, 76, 146, 42, 62, 38, 8, 62, 72, 16, 86, 131, 192, 128, 161, 58, 44, 30, 3, 170, 95, 194, 111, 121, 8, 101, 53, 20, 104, 20, 122, 154, 18, 79, 113, 65, 127, 146, 49, 91, 29, 129, 139, 187, 133, 83, 125, 46, 113, 52, 85, 127, 97, 47, 121, 136, 97, 36, 26, 92, 44, 129, 28, 38, 110, 61, 150, 5, 83, 27, 274, 116, 163, 113, 49, 41, 162, 108, 107, 88, 49, 98, 50, 115, 119, 46, 273, 110, 180, 120, 111, 129, 165, 23, 87, 111, 108, 114, 83, 145, 191, 44, 214, 70, 90, 100, 103, 102, 136, 38, 205, 84, 24, 103, 117, 138, 30, 35, 57, 32, 77, 72, 26, 46, 97, 58, 58, 218, 176, 84, 62, 47, 77, 63, 109, 137, 107, 82, 98, 85, 47, 139, 58, 142, 79, 74, 122, 65, 72, 65, 159, 58, 138, 108, 142, 116, 93, 92, 91, 128, 46, 34, 122, 53, 68, 30, 73, 46, 102, 92, 63, 198, 89, 18, 181, 127, 23, 81, 33, 49, 23, 108, 122, 178, 148, 55, 111, 74, 102, 1, 71, 176, 59, 24, 94, 73, 126, 46, 114, 125, 53, 144, 62, 161, 99, 67, 76, 39, 62, 46, 46, 51, 196, 150, 143, 66, 276, 48, 91, 103, 166, 35, 86, 110, 130, 34, 61, 118, 29, 82, 72, 101, 53, 21, 67, 61, 59, 58, 84, 67, 92, 4, 86, 50, 55, 91, 142, 77, 113, 97, 55, 40, 60, 93, 11, 27, 48, 77, 115, 97, 124, 128, 27, 110, 77, 85, 27, 125, 61, 114, 83, 136, 98, 129, 27, 73, 55, 122, 103, 95, 37, 69, 180, 129, 99, 45, 36, 51, 130, 127, 87, 92, 117, 60, 46, 63, 85, 39, 121, 117, 21, 66, 27, 116, 62, 19, 137, 43, 73, 66, 75, 92, 98, 110, 67, 44, 92, 173, 159, 43, 53, 78, 102, 82, 128, 33, 120, 11, 32, 139, 112, 85, 71, 34, 67, 133, 8, 16, 95, 202, 103, 14, 23, 126, 80, 42, 80, 81, 141, 113, 85, 117, 32, 82, 116, 56, 117, 57, 135, 165, 168, 66, 105, 172, 297, 106, 75, 116, 86, 42, 56, 107, 43, 100, 102, 71, 162, 89, 42, 37, 160, 110, 63, 62, 5, 33, 98, 108, 73, 71, 36, 76, 76, 13, 109, 74, 38, 100, 250, 101, 41, 123, 163, 31, 84, 43, 73, 125, 61, 31, 27, 107, 127, 94, 87, 71, 62, 98, 98, 21, 64, 36, 19, 71, 129, 27, 77, 43, 49, 9, 80, 145, 50, 22, 98, 85, 93, 164, 131, 65, 64, 107, 27, 140, 164, 104, 145, 26, 95, 66, 45, 28, 48, 99, 106, 136, 96, 34, 115, 76, 21, 82, 83, 139, 22, 24, 50, 62, 69, 115, 187, 81, 65, 103, 84, 187, 154, 93, 139, 65, 127, 50, 11, 74, 69, 214, 78, 58, 107, 92, 57, 25, 93, 75, 64, 95, 153, 49, 61, 42, 44, 91, 12, 194, 134, 85, 47, 64, 76, 41, 127, 140, 166, 31, 61, 82, 66, 74, 100, 168, 274, 104, 37, 87, 122, 129, 88, 117, 92, 55, 97, 120, 61, 127, 140, 58, 177, 85, 144, 47, 37, 68, 53, 186, 254, 124, 130, 32, 92, 71, 289, 177, 36, 411, 1635, 3943, 3930, 2164, 6008, 5132, 2147, 6798, 2537, 3494, 4733, 1422, 1831, 1784, 1363, 981, 313, 1768, 2325, 1212, 1299, 2096, 1527, 942, 1421, 1291, 814, 623, 606, 1045, 734, 125, 252, 326, 467, 232, 73, 416, 741, 917, 817, 456, 809, 880, 645, 482, 168, 109, 116, 357, 575, 1010, 1340, 951, 287, 419, 257, 735, 797, 193, 274, 276, 103, 331, 194, 86, 118, 182, 355, 548, 211, 203, 304, 225, 201, 138, 182, 459, 399, 100, 239, 264, 192, 278, 248, 528, 235, 75, 238, 196, 181, 100, 227, 252, 234, 166, 232, 295, 381, 123, 209, 397, 259, 30, 149, 110, 164, 121, 148, 48, 221, 222, 133, 77, 74, 87, 92, 41, 40, 103, 50, 69, 172, 129, 274, 238, 100, 269, 106, 125, 112, 105, 141, 153, 121, 139, 46, 109, 104, 8, 272, 249, 177, 159, 38, 168, 112, 151, 78, 70, 74, 180, 121, 193, 228, 140, 145, 135, 53, 141, 70, 102, 155, 230, 187, 132, 29, 102, 12, 139, 130, 72, 219, 120, 102, 93, 159, 189, 194, 86, 172, 196, 148, 131, 137, 107, 52, 173, 68, 63, 129, 13, 48, 99, 142, 50, 103, 73, 25, 83, 176, 162, 49, 265, 128, 70, 136, 84, 71, 54, 83, 130, 110, 79, 62, 17, 139, 71, 11, 105, 265, 178, 115, 104, 47, 116, 38, 142, 76, 128, 172, 69, 91, 34, 83, 116, 217, 123, 141, 144, 58, 157, 138, 73, 66, 83, 82, 25, 112, 70, 64, 131, 210, 285, 136, 106, 90, 95, 168, 206, 58, 150, 119, 123, 126, 45, 211]"
72.07466888427734,21,20,10,750.468017578125,"[31, 43, 61, 16, 110, 99, 152, 72, 35, 6, 15, 24, 108, 156, 189, 159, 16, 87, 30, 113, 62, 99, 188, 297, 10, 40, 26, 96, 118, 51, 14, 111, 14, 65, 31, 124, 157, 44, 23, 91, 4, 48, 24, 102, 159, 39, 12, 77, 23, 58, 43, 117, 147, 34, 9, 78, 44, 29, 16, 62, 49, 89, 78, 215, 47, 46, 52, 100, 31, 111, 109, 178, 19, 15, 8, 128, 55, 42, 106, 53, 19, 51, 27, 79, 66, 59, 51, 40, 17, 19, 64, 123, 59, 134, 55, 9, 17, 23, 49, 119, 70, 100, 118, 192, 52, 48, 18, 22, 45, 58, 33, 98, 20, 29, 47, 53, 29, 128, 54, 8, 24, 14, 20, 71, 193, 161, 141, 172, 55, 101, 15, 88, 65, 106, 39, 28, 16, 4, 22, 86, 65, 99, 69, 120, 44, 80, 18, 83, 49, 26, 109, 159, 13, 19, 12, 57, 107, 119, 38, 4, 31, 58, 13, 71, 34, 157, 66, 55, 17, 31, 8, 32, 11, 49, 114, 85, 9, 72, 102, 14, 50, 94, 96, 83, 33, 39, 13, 74, 93, 21, 66, 39, 56, 73, 44, 28, 7, 69, 116, 74, 7, 16, 19, 69, 69, 20, 96, 374, 12, 52, 19, 99, 37, 7, 15, 196, 36, 28, 9, 62, 7, 51, 24, 36, 10, 25, 36, 107, 139, 89, 174, 276, 34, 62, 73, 4, 85, 37, 186, 71, 18, 91, 24, 37, 16, 113, 109, 30, 35, 62, 34, 76, 21, 86, 218, 137, 60, 85, 59, 77, 32, 75, 45, 125, 9, 143, 107, 118, 137, 117, 39, 228, 42, 28, 23, 73, 68, 17, 93, 130, 50, 23, 21, 43, 32, 107, 87, 126, 13, 46, 12, 8, 78, 80, 124, 78, 45, 51, 59, 57, 81, 115, 53, 174, 19, 10, 38, 86, 110, 68, 200, 286, 8, 64, 29, 70, 237, 141, 157, 69, 25, 11, 42, 91, 35, 131, 91, 108, 44, 106, 48, 38, 44, 63, 68, 49, 22, 21, 27, 39, 25, 54, 151, 166, 28, 9, 17, 19, 61, 51, 87, 101, 28, 14, 14, 127, 76, 138, 146, 149, 9, 8, 28, 64, 74, 109, 121, 46, 25, 38, 32, 40, 44, 108, 119, 179, 29, 61, 86, 123, 8, 133, 59, 188, 40, 32, 10, 44, 28, 213, 26, 190, 49, 10, 54, 111, 205, 189, 84, 45, 2, 52, 52, 46, 62, 93, 252, 75, 23, 20, 18, 133, 110, 120, 80, 206, 25, 72, 23, 81, 45, 55, 78, 127, 45, 11, 28, 98, 59, 57, 49, 70, 50, 61, 27, 13, 12, 100, 75, 207, 30, 63, 61, 8, 40, 138, 228, 92, 2, 30, 13, 83, 52, 113, 134, 151, 44, 12, 44, 132, 71, 134, 154, 91, 47, 25, 7, 61, 144, 50, 142, 79, 14, 42, 34, 47, 42, 86, 60, 88, 17, 93, 36, 11, 22, 115, 13, 69, 7, 3, 70, 43, 18, 50, 140, 94, 66, 16, 34, 21, 61, 148, 108, 23, 22, 58, 10, 82, 78, 54, 84, 198, 18, 48, 32, 31, 93, 29, 90, 113, 17, 47, 64, 25, 132, 137, 100, 105, 28, 57, 38, 45, 31, 65, 16, 191, 13, 3, 36, 135, 118, 94, 127, 120, 31, 17, 21, 104, 73, 55, 127, 38, 4, 18, 15, 88, 14, 153, 143, 104, 19, 34, 18, 9, 46, 138, 151, 119, 16, 37, 94, 54, 19, 91, 15, 122, 13, 12, 9, 48, 13, 111, 36, 97, 63, 14, 49, 95, 24, 39, 45, 93, 14, 36, 3, 69, 191, 66, 28, 90, 68, 6, 27, 70, 108, 131, 42, 85, 22, 61, 24, 41, 20, 69, 154, 128, 32, 40, 52, 65, 52, 35, 46, 65, 26, 78, 72, 45, 56, 89, 87, 37, 40, 59, 23, 78, 26, 23, 30, 30, 31, 31, 51, 20, 116, 21, 86, 55, 10, 72, 10, 48, 14, 61, 35, 38, 34, 55, 64, 14, 21, 50, 102, 142, 49, 35, 27, 32, 111, 93, 130, 94, 10, 18, 37, 63, 78, 104, 114, 37, 36, 82, 52, 19, 107, 107, 26, 68, 15, 51, 41, 35, 158, 58, 130, 106, 63, 53, 47, 135, 79, 25, 56, 110, 19, 65, 38, 60, 136, 37, 62, 79, 14, 24, 70, 54, 70, 153, 130, 96, 21, 94, 87, 51, 12, 39, 151, 213, 52, 54, 37, 19, 74, 45, 135, 44, 22, 53, 14, 17, 95, 73, 128, 262, 76, 33, 44, 55, 131, 522, 1167, 7173, 7615, 1816, 6937, 6859, 3122, 4725, 1120, 2074, 157, 435, 96, 493, 634, 105, 277, 629, 186, 161, 48, 209, 379, 462, 344, 594, 157, 398, 319, 392, 116, 377, 441, 548, 58, 369, 296, 91, 620, 150, 405, 725, 142, 840, 490, 194, 271, 427, 138, 460, 99, 162, 18, 77, 476, 484, 215, 191, 40, 231, 183, 212, 159, 278, 170, 109, 75, 86, 55, 126, 174, 168, 46, 108, 40, 229, 174, 143, 123, 277, 121, 301, 62, 75, 28, 199, 142, 53, 95, 291, 68, 30, 55, 121, 91, 149, 114, 194, 25, 131, 33, 184, 197, 101, 121, 161, 64, 119, 25, 61, 70, 102, 62, 88, 63, 106, 85, 39, 25, 89, 152, 249, 65, 63, 28, 33, 27, 34, 116, 232, 46, 13, 18, 149, 121, 135, 178, 140, 14, 55, 27, 48, 121, 249, 123, 153, 28, 80, 65, 86, 109, 93, 35, 230, 42, 32, 52, 76, 53, 76, 93, 87, 11, 93, 15, 82, 34, 135, 155, 122, 38, 63, 56, 102, 140, 18, 102, 86, 12, 12, 66, 81, 155, 55, 128, 176, 40, 52, 44, 53, 83, 134, 167, 236, 86, 13, 12, 109, 52, 183, 100, 100, 32, 39, 21, 53, 154, 50, 142, 303, 36, 4, 24, 3, 104, 60, 59, 134, 28, 34, 12, 28, 44, 101, 142, 162, 21, 6, 51, 104, 99, 51, 91, 152, 27, 98, 93, 45, 19, 32, 30, 149, 24, 95, 78, 50, 11, 24, 68, 57, 9, 11, 28, 60, 152, 115, 105, 36, 13, 22, 99, 165, 115, 52, 105, 97]"
72.19228267669678,20,20,10,750.7030029296875,"[114, 102, 83, 56, 46, 90, 105, 201, 37, 90, 34, 105, 110, 75, 183, 224, 98, 58, 20, 83, 79, 76, 136, 80, 116, 58, 31, 44, 15, 52, 61, 68, 170, 56, 33, 110, 81, 71, 64, 272, 123, 77, 16, 116, 135, 36, 140, 54, 151, 84, 33, 35, 47, 60, 119, 169, 188, 87, 64, 101, 108, 164, 90, 15, 153, 113, 35, 50, 16, 246, 187, 21, 98, 40, 59, 97, 220, 167, 36, 45, 158, 124, 40, 62, 111, 16, 109, 143, 110, 37, 40, 55, 59, 127, 21, 147, 110, 115, 49, 89, 95, 156, 137, 69, 191, 120, 39, 65, 156, 145, 39, 159, 41, 89, 65, 7, 68, 144, 167, 134, 178, 151, 67, 122, 184, 174, 81, 113, 30, 25, 36, 7, 65, 71, 75, 56, 88, 47, 20, 55, 87, 157, 82, 89, 179, 107, 51, 35, 68, 127, 137, 109, 65, 72, 38, 16, 59, 80, 129, 164, 56, 59, 85, 165, 146, 122, 113, 151, 15, 47, 29, 17, 164, 17, 47, 59, 23, 80, 51, 83, 70, 220, 168, 204, 63, 28, 44, 58, 99, 116, 31, 159, 186, 26, 19, 51, 102, 93, 47, 102, 143, 101, 44, 26, 79, 166, 204, 273, 84, 13, 33, 99, 120, 120, 55, 175, 107, 38, 56, 66, 42, 7, 82, 52, 238, 87, 74, 78, 186, 218, 68, 83, 276, 95, 20, 73, 36, 35, 146, 207, 162, 78, 43, 18, 101, 83, 221, 125, 127, 90, 31, 53, 83, 101, 176, 188, 208, 90, 47, 119, 140, 106, 120, 308, 120, 98, 21, 32, 76, 134, 82, 74, 298, 131, 40, 35, 15, 99, 125, 59, 139, 138, 23, 76, 90, 154, 72, 254, 51, 57, 62, 80, 91, 65, 43, 215, 156, 84, 18, 49, 71, 27, 157, 30, 239, 49, 35, 136, 232, 112, 113, 268, 249, 140, 13, 89, 38, 117, 78, 281, 222, 91, 39, 52, 82, 135, 73, 140, 126, 139, 64, 30, 104, 92, 32, 157, 86, 87, 28, 73, 85, 62, 114, 115, 296, 119, 85, 51, 100, 76, 69, 35, 35, 27, 10, 75, 139, 102, 42, 261, 461, 284, 81, 84, 54, 86, 50, 54, 87, 125, 50, 73, 174, 101, 77, 69, 44, 60, 25, 26, 27, 221, 228, 133, 72, 73, 42, 45, 93, 14, 105, 106, 220, 124, 39, 78, 162, 169, 194, 83, 87, 95, 16, 40, 105, 156, 224, 30, 284, 93, 14, 152, 121, 94, 166, 151, 125, 53, 21, 61, 166, 98, 66, 174, 105, 28, 21, 104, 178, 184, 170, 119, 119, 94, 21, 23, 64, 48, 85, 111, 51, 33, 19, 28, 18, 91, 100, 112, 140, 102, 41, 40, 49, 164, 211, 159, 56, 57, 69, 60, 21, 116, 195, 87, 92, 33, 20, 46, 107, 88, 133, 188, 62, 57, 46, 69, 48, 104, 88, 62, 224, 53, 71, 85, 106, 67, 78, 240, 190, 107, 24, 31, 72, 67, 87, 210, 89, 46, 41, 65, 186, 195, 33, 66, 110, 32, 13, 27, 97, 166, 94, 141, 215, 134, 43, 13, 38, 47, 64, 100, 81, 18, 28, 75, 120, 136, 26, 37, 25, 110, 58, 86, 69, 185, 197, 165, 331, 179, 27, 69, 170, 240, 42, 215, 21, 36, 52, 67, 21, 114, 53, 146, 331, 183, 64, 57, 61, 14, 247, 113, 75, 13, 57, 98, 104, 114, 50, 80, 40, 60, 43, 43, 78, 101, 102, 150, 139, 37, 24, 68, 63, 46, 99, 210, 151, 44, 16, 111, 65, 183, 57, 398, 132, 33, 16, 67, 82, 117, 96, 158, 107, 102, 39, 118, 118, 110, 29, 94, 105, 61, 18, 48, 38, 46, 203, 128, 125, 93, 72, 87, 126, 19, 24, 106, 6, 60, 18, 62, 63, 123, 45, 149, 73, 28, 60, 54, 122, 65, 24, 60, 89, 121, 8, 60, 163, 170, 90, 44, 76, 135, 44, 38, 21, 81, 127, 68, 127, 44, 20, 43, 18, 92, 87, 171, 46, 76, 22, 50, 46, 89, 62, 36, 205, 71, 18, 74, 83, 141, 314, 38, 183, 78, 38, 66, 29, 78, 72, 157, 115, 102, 34, 75, 142, 35, 94, 103, 293, 107, 33, 25, 56, 184, 32, 61, 34, 36, 5, 67, 16, 58, 32, 42, 27, 35, 38, 59, 89, 114, 67, 232, 59, 132, 28, 90, 161, 113, 193, 160, 81, 179, 21, 59, 48, 186, 130, 74, 166, 65, 34, 79, 47, 122, 204, 242, 57, 23, 5, 51, 17, 153, 622, 5658, 8019, 8214, 737, 6988, 5475, 5308, 2397, 3906, 2166, 2086, 344, 667, 1663, 892, 99, 606, 346, 594, 84, 410, 743, 310, 833, 527, 320, 430, 188, 238, 324, 874, 601, 557, 833, 848, 80, 364, 455, 321, 691, 573, 207, 82, 20, 352, 518, 627, 262, 603, 326, 147, 36, 90, 214, 229, 152, 213, 149, 87, 118, 211, 130, 333, 238, 390, 9, 172, 14, 209, 212, 58, 149, 213, 148, 46, 93, 365, 406, 439, 314, 257, 299, 159, 56, 67, 113, 295, 272, 455, 190, 106, 2, 62, 117, 307, 366, 258, 247, 211, 53, 17, 228, 304, 227, 354, 84, 31, 27, 55, 243, 205, 169, 339, 103, 135, 62, 30, 164, 168, 186, 12, 46, 41, 80, 108, 117, 65, 218, 85, 144, 60, 17, 154, 160, 51, 113, 49, 251, 179, 34, 154, 240, 248, 112, 111, 302, 175, 54, 107, 59, 223, 184, 249, 144, 103, 23, 97, 115, 109, 115, 57, 134, 18, 18, 13, 50, 127, 131, 376, 288, 169, 15, 132, 163, 189, 208, 195, 16, 128, 40, 63, 183, 138, 4, 183, 154, 62, 31, 11, 20, 185, 104, 76, 196, 73, 17, 28, 62, 183, 120, 45, 58, 44, 44, 58, 123, 88, 184, 185, 206, 120, 30, 53, 74, 74, 98, 238, 180, 144, 23, 79, 32, 147, 97, 113, 137, 74, 78, 74, 155, 204, 89, 46, 125, 38, 81, 111, 148, 63, 128, 423, 178, 143, 44, 18, 125, 31, 46, 79, 108, 37, 38, 99, 81, 68, 122, 152, 138, 51, 50, 119, 104, 154, 38, 203]"
73.42498397827148,21,21,10,748.406005859375,"[107, 51, 24, 49, 69, 61, 104, 161, 159, 51, 102, 45, 144, 118, 64, 111, 120, 83, 85, 133, 57, 37, 58, 78, 57, 44, 11, 52, 10, 139, 39, 132, 93, 54, 3, 87, 32, 155, 30, 194, 206, 37, 118, 43, 3, 100, 47, 49, 39, 17, 29, 53, 22, 66, 38, 113, 134, 53, 116, 41, 92, 122, 67, 130, 63, 74, 56, 49, 139, 117, 95, 161, 58, 41, 97, 18, 62, 147, 31, 72, 80, 49, 151, 44, 29, 84, 74, 59, 45, 85, 24, 89, 47, 65, 78, 105, 109, 7, 46, 27, 116, 56, 30, 115, 58, 55, 30, 65, 92, 28, 23, 45, 105, 60, 32, 36, 123, 48, 91, 66, 46, 45, 109, 67, 40, 70, 81, 43, 128, 48, 54, 47, 126, 58, 57, 73, 86, 13, 71, 40, 50, 91, 60, 120, 107, 42, 102, 33, 55, 94, 83, 53, 62, 60, 51, 99, 125, 74, 52, 24, 24, 30, 46, 39, 145, 64, 21, 71, 30, 45, 71, 14, 61, 80, 43, 58, 109, 66, 175, 31, 20, 38, 59, 63, 176, 35, 83, 16, 115, 47, 65, 212, 97, 56, 130, 66, 88, 34, 71, 145, 88, 45, 93, 49, 130, 18, 41, 32, 96, 72, 102, 98, 96, 135, 69, 28, 44, 62, 135, 35, 97, 13, 36, 90, 31, 123, 198, 92, 97, 24, 117, 36, 95, 42, 110, 48, 108, 105, 68, 38, 128, 51, 108, 7, 104, 37, 5, 105, 36, 34, 59, 41, 119, 28, 74, 56, 171, 67, 139, 51, 74, 19, 75, 24, 88, 85, 118, 33, 29, 66, 29, 157, 84, 67, 116, 54, 110, 52, 27, 189, 117, 47, 97, 21, 120, 102, 86, 62, 93, 52, 113, 35, 254, 38, 17, 142, 55, 58, 69, 94, 71, 25, 64, 72, 121, 40, 26, 30, 24, 37, 142, 56, 64, 71, 19, 54, 163, 64, 141, 234, 200, 30, 72, 83, 137, 139, 28, 170, 111, 49, 65, 32, 57, 71, 140, 105, 84, 33, 34, 10, 191, 59, 31, 77, 115, 75, 62, 62, 29, 105, 28, 72, 99, 39, 74, 37, 283, 61, 29, 50, 55, 81, 23, 93, 145, 90, 19, 34, 82, 34, 33, 91, 75, 47, 65, 78, 35, 57, 58, 66, 49, 36, 46, 107, 36, 53, 69, 17, 17, 68, 47, 45, 130, 33, 112, 87, 143, 136, 153, 134, 66, 23, 47, 101, 193, 74, 77, 114, 227, 57, 161, 90, 78, 76, 61, 62, 158, 11, 98, 50, 16, 42, 40, 109, 59, 5, 82, 78, 92, 28, 99, 128, 10, 27, 80, 51, 66, 138, 79, 64, 73, 25, 36, 53, 104, 74, 118, 121, 46, 8, 87, 76, 69, 71, 23, 148, 46, 31, 15, 82, 75, 109, 24, 50, 44, 118, 87, 10, 40, 75, 14, 32, 41, 60, 11, 8, 71, 20, 45, 125, 29, 49, 221, 90, 166, 8, 79, 73, 90, 71, 105, 49, 36, 42, 83, 92, 55, 57, 113, 22, 30, 84, 97, 98, 69, 65, 112, 76, 48, 45, 41, 91, 32, 68, 80, 20, 82, 26, 46, 67, 18, 11, 60, 26, 78, 101, 99, 59, 51, 36, 57, 12, 105, 73, 41, 30, 123, 73, 142, 42, 103, 61, 238, 151, 75, 76, 149, 101, 192, 186, 70, 149, 100, 29, 182, 66, 158, 36, 103, 117, 79, 54, 114, 34, 160, 37, 71, 80, 58, 55, 134, 85, 144, 38, 79, 89, 35, 47, 51, 29, 128, 121, 80, 168, 35, 27, 110, 94, 63, 109, 51, 91, 40, 91, 27, 104, 40, 77, 114, 133, 66, 65, 119, 31, 56, 50, 38, 101, 20, 51, 65, 47, 63, 67, 48, 111, 151, 69, 73, 26, 136, 27, 108, 116, 127, 73, 74, 8, 72, 94, 120, 79, 41, 61, 137, 30, 101, 42, 44, 99, 145, 61, 85, 144, 26, 17, 16, 70, 61, 88, 118, 28, 67, 33, 46, 24, 59, 52, 109, 44, 191, 76, 2, 70, 68, 43, 62, 61, 97, 38, 46, 158, 64, 98, 160, 22, 13, 69, 122, 31, 145, 47, 136, 77, 75, 41, 52, 138, 149, 62, 26, 92, 127, 12, 60, 40, 177, 75, 106, 48, 49, 99, 103, 52, 86, 83, 206, 51, 127, 53, 55, 162, 122, 48, 63, 18, 99, 100, 32, 94, 58, 72, 62, 108, 35, 121, 87, 111, 132, 45, 132, 75, 163, 83, 26, 125, 22, 97, 248, 61, 146, 113, 34, 101, 150, 113, 31, 131, 1709, 5982, 7000, 3241, 3041, 6422, 7073, 866, 2758, 1270, 2772, 2754, 1427, 977, 1747, 1270, 778, 1805, 1194, 2049, 1711, 141, 638, 435, 309, 226, 520, 478, 124, 135, 56, 69, 403, 387, 412, 974, 619, 173, 419, 477, 495, 408, 319, 498, 977, 515, 249, 238, 392, 90, 101, 463, 254, 184, 550, 157, 545, 674, 428, 728, 465, 157, 81, 164, 667, 370, 84, 43, 358, 509, 447, 202, 402, 440, 423, 257, 256, 308, 476, 131, 321, 254, 225, 313, 185, 183, 162, 186, 68, 124, 224, 235, 207, 185, 335, 180, 206, 217, 266, 259, 56, 99, 215, 188, 76, 91, 18, 233, 334, 259, 168, 48, 153, 110, 57, 117, 144, 138, 152, 155, 294, 144, 169, 60, 106, 94, 81, 120, 212, 230, 45, 63, 132, 104, 151, 157, 264, 236, 195, 90, 132, 150, 93, 189, 310, 133, 111, 219, 199, 130, 127, 177, 231, 125, 167, 68, 28, 115, 125, 78, 49, 45, 38, 220, 232, 52, 94, 28, 155, 51, 78, 193, 87, 12, 24, 59, 63, 120, 115, 109, 5, 56, 53, 67, 168, 50, 61, 19, 99, 48, 144, 65, 144, 143, 29, 71, 39, 64, 78, 41, 62, 81, 46, 50, 145, 83, 131, 63, 132, 45, 36, 110, 125, 69, 24, 33, 7, 48, 93, 100, 48, 53, 54, 85, 79, 73, 43, 84, 75, 97, 214, 59, 36, 90, 107, 123, 85, 11, 102, 87, 127, 109, 90, 113, 106, 54, 62, 52, 126, 49, 54, 40, 52, 58, 154, 45, 106, 77, 112, 192, 81, 46, 80, 98, 58, 67, 112, 21]"
